"session_id","title","cumulative_duration"
159,"Stardew Valley","75"
160,"Stardew Valley","120"
161,"Stardew Valley","150"
162,"Stardew Valley","255"
163,"Stardew Valley","285"
164,"Stardew Valley","345"
165,"Stardew Valley","435"
166,"Stardew Valley","480"
167,"Stardew Valley","510"
168,"Stardew Valley","540"
169,"Stardew Valley","570"
170,"Stardew Valley","600"
171,"Stardew Valley","630"
172,"Stardew Valley","675"
173,"Stardew Valley","720"
174,"Stardew Valley","750"
175,"Stardew Valley","780"
176,"Stardew Valley","810"
177,"Stardew Valley","855"
178,"Stardew Valley","885"
179,"Stardew Valley","915"
182,"Stardew Valley","960"
186,"Stardew Valley","1005"
188,"Stardew Valley","1035"
190,"Stardew Valley","1065"
250,"Stardew Valley","1125"
251,"Stardew Valley","1140"
253,"Stardew Valley","1155"
254,"Stardew Valley","1170"
255,"Stardew Valley","1245"
257,"Stardew Valley","1275"
258,"Stardew Valley","1305"
259,"Stardew Valley","1350"
260,"Stardew Valley","1395"
261,"Stardew Valley","1410"
265,"Stardew Valley","1440"
267,"Stardew Valley","1455"
270,"Stardew Valley","1470"
273,"Stardew Valley","1485"
274,"Stardew Valley","1500"
275,"Stardew Valley","1515"
277,"Stardew Valley","1545"
278,"Stardew Valley","1575"
279,"Stardew Valley","1590"
280,"Stardew Valley","1620"
281,"Stardew Valley","1650"
282,"Stardew Valley","1665"
283,"Stardew Valley","1680"
284,"Stardew Valley","1710"
285,"Stardew Valley","1740"
286,"Stardew Valley","1785"
287,"Stardew Valley","1800"
288,"Stardew Valley","1830"
289,"Stardew Valley","1845"
290,"Stardew Valley","1860"
295,"Stardew Valley","1875"
298,"Stardew Valley","2025"
606,"Stardew Valley","2040"
1008,"Stardew Valley","2100"
221,"Legend of Zelda: Breath of the Wild","15"
223,"Legend of Zelda: Breath of the Wild","60"
224,"Legend of Zelda: Breath of the Wild","75"
225,"Legend of Zelda: Breath of the Wild","120"
226,"Legend of Zelda: Breath of the Wild","165"
228,"Legend of Zelda: Breath of the Wild","210"
230,"Legend of Zelda: Breath of the Wild","255"
231,"Legend of Zelda: Breath of the Wild","315"
233,"Legend of Zelda: Breath of the Wild","330"
234,"Legend of Zelda: Breath of the Wild","360"
235,"Legend of Zelda: Breath of the Wild","375"
46,"Mario Kart 8","60"
601,"Mario Kart 8","120"
608,"Mario Kart 8","165"
621,"Mario Kart 8","180"
693,"Mario Kart 8","210"
721,"Mario Kart 8","270"
731,"Mario Kart 8","360"
748,"Mario Kart 8","450"
759,"Mario Kart 8","540"
763,"Mario Kart 8","600"
784,"Mario Kart 8","630"
809,"Mario Kart 8","690"
1046,"Mario Kart 8","750"
1160,"Mario Kart 8","780"
1981,"Mario Kart 8","840"
2081,"Mario Kart 8","900"
2254,"Mario Kart 8","930"
2504,"Mario Kart 8","1005"
2582,"Mario Kart 8","1065"
2593,"Mario Kart 8","1125"
2598,"Mario Kart 8","1185"
2607,"Mario Kart 8","1215"
2699,"Mario Kart 8","1245"
2787,"Mario Kart 8","1290"
1588,"Overcooked","90"
2814,"Overcooked","150"
3046,"Overcooked","240"
87,"Sea of Thieves","150"
123,"Sea of Thieves","300"
495,"Sea of Thieves","390"
730,"Sea of Thieves","480"
739,"Sea of Thieves","570"
755,"Sea of Thieves","660"
779,"Sea of Thieves","780"
781,"Sea of Thieves","900"
826,"Sea of Thieves","990"
836,"Sea of Thieves","1140"
1102,"Sea of Thieves","1335"
1483,"Sea of Thieves","1410"
1540,"Sea of Thieves","1590"
1564,"Sea of Thieves","1770"
1607,"Sea of Thieves","1890"
1616,"Sea of Thieves","2055"
1651,"Sea of Thieves","2175"
1678,"Sea of Thieves","2295"
1691,"Sea of Thieves","2475"
1,"Dead Cells","60"
17,"Dead Cells","90"
1104,"Dead Cells","135"
75,"Beat Saber","45"
133,"Beat Saber","75"
1274,"Beat Saber","90"
1277,"Beat Saber","120"
1310,"Beat Saber","180"
1316,"Beat Saber","225"
1604,"Beat Saber","240"
370,"State of Decay 2","60"
1230,"State of Decay 2","150"
1681,"No Mans Sky","60"
14,"Overcooked 2","90"
34,"Overcooked 2","135"
53,"Overcooked 2","165"
60,"Overcooked 2","195"
109,"Overcooked 2","255"
152,"Overcooked 2","315"
600,"Overcooked 2","405"
607,"Overcooked 2","465"
15,"Duck Game","60"
157,"Tricky Towers","30"
2211,"Tricky Towers","60"
2,"Into the Breach","45"
4,"Into the Breach","105"
5,"Into the Breach","150"
6,"Into the Breach","180"
7,"Into the Breach","210"
8,"Into the Breach","255"
9,"Into the Breach","300"
11,"Into the Breach","330"
12,"Into the Breach","360"
13,"Into the Breach","375"
16,"Into the Breach","420"
18,"Into the Breach","495"
19,"Into the Breach","525"
20,"Into the Breach","570"
21,"Into the Breach","600"
22,"Into the Breach","630"
23,"Into the Breach","660"
24,"Into the Breach","675"
25,"Into the Breach","705"
26,"Into the Breach","720"
27,"Into the Breach","750"
28,"Into the Breach","780"
29,"Into the Breach","810"
30,"Into the Breach","825"
32,"Into the Breach","840"
36,"Into the Breach","855"
42,"Into the Breach","870"
43,"Into the Breach","900"
44,"Into the Breach","915"
49,"Into the Breach","945"
55,"Into the Breach","960"
56,"Into the Breach","990"
59,"Into the Breach","1035"
62,"Into the Breach","1065"
69,"Into the Breach","1080"
71,"Into the Breach","1095"
73,"Into the Breach","1125"
78,"Into the Breach","1155"
81,"Into the Breach","1185"
82,"Into the Breach","1215"
83,"Into the Breach","1260"
88,"Into the Breach","1275"
340,"Into the Breach","1290"
341,"Into the Breach","1320"
342,"Into the Breach","1335"
343,"Into the Breach","1365"
345,"Into the Breach","1380"
346,"Into the Breach","1395"
347,"Into the Breach","1410"
348,"Into the Breach","1425"
350,"Into the Breach","1440"
354,"Into the Breach","1470"
356,"Into the Breach","1500"
3,"Lego Star Wars","60"
54,"Lego Star Wars","120"
10,"Marvels Spiderman","15"
31,"Forza Horizon 4","105"
33,"Forza Horizon 4","150"
35,"Forza Horizon 4","210"
37,"Forza Horizon 4","270"
38,"Forza Horizon 4","360"
39,"Forza Horizon 4","420"
40,"Forza Horizon 4","435"
41,"Forza Horizon 4","495"
50,"Forza Horizon 4","555"
51,"Forza Horizon 4","630"
52,"Forza Horizon 4","690"
57,"Forza Horizon 4","750"
58,"Forza Horizon 4","780"
63,"Forza Horizon 4","840"
64,"Forza Horizon 4","900"
68,"Forza Horizon 4","930"
70,"Forza Horizon 4","1020"
72,"Forza Horizon 4","1065"
74,"Forza Horizon 4","1155"
76,"Forza Horizon 4","1215"
79,"Forza Horizon 4","1275"
80,"Forza Horizon 4","1320"
84,"Forza Horizon 4","1380"
86,"Forza Horizon 4","1440"
89,"Forza Horizon 4","1455"
90,"Forza Horizon 4","1500"
132,"Forza Horizon 4","1545"
140,"Forza Horizon 4","1605"
144,"Forza Horizon 4","1650"
45,"Super Mario Party","60"
61,"Super Mario Party","150"
77,"Super Mario Party","240"
110,"Super Mario Party","300"
1954,"Super Mario Party","390"
47,"Mario Kart 64","45"
48,"Mario Party","60"
65,"Go Guess","45"
66,"Manual Samuel","60"
67,"Manual Samuel","120"
156,"Manual Samuel","195"
85,"Ryse: Son of Rome","60"
94,"Ryse: Son of Rome","120"
99,"Ryse: Son of Rome","165"
91,"Spyro: Reignited Trilogy","75"
92,"Spyro: Reignited Trilogy","165"
111,"Spyro: Reignited Trilogy","255"
112,"Spyro: Reignited Trilogy","315"
114,"Spyro: Reignited Trilogy","420"
125,"Spyro: Reignited Trilogy","450"
136,"Spyro: Reignited Trilogy","510"
137,"Spyro: Reignited Trilogy","585"
149,"Spyro: Reignited Trilogy","645"
151,"Spyro: Reignited Trilogy","795"
153,"Spyro: Reignited Trilogy","915"
402,"Spyro: Reignited Trilogy","960"
405,"Spyro: Reignited Trilogy","1005"
407,"Spyro: Reignited Trilogy","1050"
408,"Spyro: Reignited Trilogy","1110"
410,"Spyro: Reignited Trilogy","1140"
413,"Spyro: Reignited Trilogy","1170"
415,"Spyro: Reignited Trilogy","1185"
419,"Spyro: Reignited Trilogy","1215"
433,"Spyro: Reignited Trilogy","1245"
447,"Spyro: Reignited Trilogy","1275"
1101,"Spyro: Reignited Trilogy","1305"
1105,"Spyro: Reignited Trilogy","1320"
1106,"Spyro: Reignited Trilogy","1335"
1107,"Spyro: Reignited Trilogy","1380"
1109,"Spyro: Reignited Trilogy","1410"
1112,"Spyro: Reignited Trilogy","1470"
1121,"Spyro: Reignited Trilogy","1530"
1124,"Spyro: Reignited Trilogy","1575"
1127,"Spyro: Reignited Trilogy","1620"
1129,"Spyro: Reignited Trilogy","1680"
1132,"Spyro: Reignited Trilogy","1740"
1143,"Spyro: Reignited Trilogy","1800"
1150,"Spyro: Reignited Trilogy","1830"
1157,"Spyro: Reignited Trilogy","1860"
1162,"Spyro: Reignited Trilogy","1890"
1623,"Spyro: Reignited Trilogy","1920"
1625,"Spyro: Reignited Trilogy","1950"
1627,"Spyro: Reignited Trilogy","1995"
1628,"Spyro: Reignited Trilogy","2055"
93,"Dance Central: Spotlight","15"
95,"Pokemon: Lets Go, Eevee!","60"
97,"Pokemon: Lets Go, Eevee!","90"
98,"Pokemon: Lets Go, Eevee!","120"
100,"Pokemon: Lets Go, Eevee!","165"
101,"Pokemon: Lets Go, Eevee!","195"
102,"Pokemon: Lets Go, Eevee!","210"
103,"Pokemon: Lets Go, Eevee!","270"
104,"Pokemon: Lets Go, Eevee!","315"
105,"Pokemon: Lets Go, Eevee!","360"
106,"Pokemon: Lets Go, Eevee!","420"
107,"Pokemon: Lets Go, Eevee!","450"
108,"Pokemon: Lets Go, Eevee!","510"
113,"Pokemon: Lets Go, Eevee!","570"
115,"Pokemon: Lets Go, Eevee!","615"
116,"Pokemon: Lets Go, Eevee!","630"
117,"Pokemon: Lets Go, Eevee!","675"
118,"Pokemon: Lets Go, Eevee!","690"
119,"Pokemon: Lets Go, Eevee!","735"
120,"Pokemon: Lets Go, Eevee!","795"
121,"Pokemon: Lets Go, Eevee!","855"
122,"Pokemon: Lets Go, Eevee!","900"
124,"Pokemon: Lets Go, Eevee!","930"
126,"Pokemon: Lets Go, Eevee!","975"
127,"Pokemon: Lets Go, Eevee!","1005"
128,"Pokemon: Lets Go, Eevee!","1035"
129,"Pokemon: Lets Go, Eevee!","1065"
130,"Pokemon: Lets Go, Eevee!","1095"
131,"Pokemon: Lets Go, Eevee!","1110"
134,"Pokemon: Lets Go, Eevee!","1140"
138,"Pokemon: Lets Go, Eevee!","1230"
139,"Pokemon: Lets Go, Eevee!","1260"
141,"Pokemon: Lets Go, Eevee!","1290"
143,"Pokemon: Lets Go, Eevee!","1320"
145,"Pokemon: Lets Go, Eevee!","1365"
146,"Pokemon: Lets Go, Eevee!","1395"
150,"Pokemon: Lets Go, Eevee!","1425"
154,"Pokemon: Lets Go, Eevee!","1455"
206,"Pokemon: Lets Go, Eevee!","1485"
213,"Pokemon: Lets Go, Eevee!","1515"
215,"Pokemon: Lets Go, Eevee!","1560"
218,"Pokemon: Lets Go, Eevee!","1590"
237,"Pokemon: Lets Go, Eevee!","1620"
238,"Pokemon: Lets Go, Eevee!","1665"
240,"Pokemon: Lets Go, Eevee!","1680"
241,"Pokemon: Lets Go, Eevee!","1710"
242,"Pokemon: Lets Go, Eevee!","1740"
243,"Pokemon: Lets Go, Eevee!","1800"
244,"Pokemon: Lets Go, Eevee!","1815"
245,"Pokemon: Lets Go, Eevee!","1845"
96,"Lego Rock Band","120"
135,"Anthem","30"
142,"Minecraft","90"
147,"Minecraft","210"
148,"Minecraft","255"
184,"Minecraft","390"
545,"Minecraft","495"
546,"Minecraft","705"
547,"Minecraft","780"
550,"Minecraft","840"
553,"Minecraft","885"
554,"Minecraft","900"
557,"Minecraft","960"
559,"Minecraft","1020"
562,"Minecraft","1065"
566,"Minecraft","1110"
758,"Minecraft","1170"
1812,"Minecraft","1260"
1814,"Minecraft","1350"
1816,"Minecraft","1470"
1817,"Minecraft","1530"
1818,"Minecraft","1650"
1819,"Minecraft","1770"
1820,"Minecraft","1860"
1822,"Minecraft","2010"
1823,"Minecraft","2130"
1824,"Minecraft","2220"
1825,"Minecraft","2295"
1826,"Minecraft","2325"
1827,"Minecraft","2385"
1828,"Minecraft","2445"
1829,"Minecraft","2535"
1830,"Minecraft","2715"
1831,"Minecraft","2745"
1832,"Minecraft","2775"
1833,"Minecraft","2805"
1835,"Minecraft","2835"
1839,"Minecraft","2925"
1841,"Minecraft","2985"
1842,"Minecraft","3045"
1843,"Minecraft","3090"
1844,"Minecraft","3120"
1846,"Minecraft","3195"
1856,"Minecraft","3255"
1863,"Minecraft","3315"
1865,"Minecraft","3345"
1866,"Minecraft","3435"
1868,"Minecraft","3525"
1869,"Minecraft","3555"
1870,"Minecraft","3615"
1872,"Minecraft","3645"
1874,"Minecraft","3675"
1875,"Minecraft","3765"
1876,"Minecraft","3795"
1877,"Minecraft","3870"
1878,"Minecraft","3900"
1880,"Minecraft","3960"
1881,"Minecraft","3990"
1886,"Minecraft","4080"
1887,"Minecraft","4110"
1888,"Minecraft","4140"
1889,"Minecraft","4185"
1891,"Minecraft","4215"
1893,"Minecraft","4245"
1894,"Minecraft","4260"
1895,"Minecraft","4290"
1896,"Minecraft","4320"
1897,"Minecraft","4380"
1901,"Minecraft","4410"
1905,"Minecraft","4440"
1908,"Minecraft","4470"
1911,"Minecraft","4500"
1913,"Minecraft","4545"
1916,"Minecraft","4605"
1918,"Minecraft","4635"
1922,"Minecraft","4710"
1926,"Minecraft","4770"
1928,"Minecraft","4815"
1929,"Minecraft","4860"
1930,"Minecraft","4905"
1931,"Minecraft","4995"
1932,"Minecraft","5055"
1934,"Minecraft","5085"
155,"Super Smash Bros. Ultimate","90"
1964,"Super Smash Bros. Ultimate","150"
158,"Purrfect Date","165"
180,"Steamworld Dig 2","45"
181,"Steamworld Dig 2","90"
183,"Steamworld Dig 2","120"
185,"Steamworld Dig 2","150"
187,"Steamworld Dig 2","195"
189,"Steamworld Dig 2","225"
191,"Steamworld Dig 2","240"
192,"Steamworld Dig 2","270"
193,"Steamworld Dig 2","330"
194,"Steamworld Dig 2","375"
197,"Steamworld Dig 2","405"
200,"Steamworld Dig 2","435"
204,"Steamworld Dig 2","465"
195,"FIFA 19","45"
196,"FIFA 19","165"
198,"FIFA 19","210"
199,"FIFA 19","270"
201,"FIFA 19","330"
202,"FIFA 19","375"
203,"FIFA 19","435"
205,"FIFA 19","480"
207,"FIFA 19","525"
208,"FIFA 19","585"
210,"FIFA 19","645"
214,"FIFA 19","765"
217,"FIFA 19","810"
219,"FIFA 19","825"
220,"FIFA 19","855"
222,"FIFA 19","885"
227,"FIFA 19","930"
229,"FIFA 19","990"
232,"FIFA 19","1035"
236,"FIFA 19","1095"
239,"FIFA 19","1155"
246,"FIFA 19","1200"
247,"FIFA 19","1230"
248,"FIFA 19","1260"
249,"FIFA 19","1320"
252,"FIFA 19","1395"
256,"FIFA 19","1440"
262,"FIFA 19","1455"
263,"FIFA 19","1515"
264,"FIFA 19","1560"
266,"FIFA 19","1620"
268,"FIFA 19","1650"
269,"FIFA 19","1695"
271,"FIFA 19","1770"
272,"FIFA 19","1815"
276,"FIFA 19","1890"
291,"FIFA 19","1920"
292,"FIFA 19","1995"
293,"FIFA 19","2040"
294,"FIFA 19","2100"
296,"FIFA 19","2115"
297,"FIFA 19","2175"
299,"FIFA 19","2205"
300,"FIFA 19","2250"
301,"FIFA 19","2295"
302,"FIFA 19","2340"
303,"FIFA 19","2430"
304,"FIFA 19","2475"
305,"FIFA 19","2535"
306,"FIFA 19","2580"
307,"FIFA 19","2625"
308,"FIFA 19","2670"
309,"FIFA 19","2700"
310,"FIFA 19","2745"
311,"FIFA 19","2790"
312,"FIFA 19","2850"
313,"FIFA 19","2880"
314,"FIFA 19","2940"
315,"FIFA 19","3000"
316,"FIFA 19","3045"
321,"FIFA 19","3075"
331,"FIFA 19","3120"
332,"FIFA 19","3180"
344,"FIFA 19","3225"
349,"FIFA 19","3285"
352,"FIFA 19","3360"
359,"FIFA 19","3420"
361,"FIFA 19","3465"
363,"FIFA 19","3495"
364,"FIFA 19","3540"
366,"FIFA 19","3585"
368,"FIFA 19","3630"
369,"FIFA 19","3675"
371,"FIFA 19","3735"
376,"FIFA 19","3750"
377,"FIFA 19","3825"
381,"FIFA 19","3870"
383,"FIFA 19","3915"
385,"FIFA 19","3960"
387,"FIFA 19","3990"
388,"FIFA 19","4020"
390,"FIFA 19","4050"
391,"FIFA 19","4080"
395,"FIFA 19","4140"
397,"FIFA 19","4170"
399,"FIFA 19","4185"
403,"FIFA 19","4230"
406,"FIFA 19","4275"
412,"FIFA 19","4335"
416,"FIFA 19","4395"
418,"FIFA 19","4440"
420,"FIFA 19","4485"
423,"FIFA 19","4545"
425,"FIFA 19","4590"
426,"FIFA 19","4650"
430,"FIFA 19","4710"
432,"FIFA 19","4785"
437,"FIFA 19","4815"
438,"FIFA 19","4860"
440,"FIFA 19","4890"
442,"FIFA 19","4950"
448,"FIFA 19","5010"
452,"FIFA 19","5055"
454,"FIFA 19","5115"
466,"FIFA 19","5130"
468,"FIFA 19","5190"
470,"FIFA 19","5235"
471,"FIFA 19","5265"
474,"FIFA 19","5295"
475,"FIFA 19","5355"
477,"FIFA 19","5370"
478,"FIFA 19","5430"
482,"FIFA 19","5490"
483,"FIFA 19","5535"
487,"FIFA 19","5580"
491,"FIFA 19","5640"
494,"FIFA 19","5685"
496,"FIFA 19","5730"
500,"FIFA 19","5790"
502,"FIFA 19","5805"
503,"FIFA 19","5865"
507,"FIFA 19","5910"
508,"FIFA 19","5955"
509,"FIFA 19","6000"
510,"FIFA 19","6045"
515,"FIFA 19","6075"
516,"FIFA 19","6105"
517,"FIFA 19","6150"
519,"FIFA 19","6165"
521,"FIFA 19","6210"
523,"FIFA 19","6255"
525,"FIFA 19","6300"
526,"FIFA 19","6345"
539,"FIFA 19","6375"
578,"FIFA 19","6405"
581,"FIFA 19","6435"
582,"FIFA 19","6465"
585,"FIFA 19","6495"
587,"FIFA 19","6525"
588,"FIFA 19","6555"
589,"FIFA 19","6585"
597,"FIFA 19","6645"
602,"FIFA 19","6690"
603,"FIFA 19","6705"
605,"FIFA 19","6750"
614,"FIFA 19","6780"
616,"FIFA 19","6810"
618,"FIFA 19","6840"
626,"FIFA 19","6870"
630,"FIFA 19","6900"
639,"FIFA 19","6945"
640,"FIFA 19","6990"
641,"FIFA 19","7035"
643,"FIFA 19","7080"
646,"FIFA 19","7140"
649,"FIFA 19","7170"
652,"FIFA 19","7185"
654,"FIFA 19","7215"
660,"FIFA 19","7230"
661,"FIFA 19","7275"
666,"FIFA 19","7320"
667,"FIFA 19","7365"
669,"FIFA 19","7395"
672,"FIFA 19","7440"
681,"FIFA 19","7470"
685,"FIFA 19","7515"
686,"FIFA 19","7530"
688,"FIFA 19","7575"
691,"FIFA 19","7620"
695,"FIFA 19","7650"
697,"FIFA 19","7695"
699,"FIFA 19","7710"
705,"FIFA 19","7725"
706,"FIFA 19","7755"
709,"FIFA 19","7800"
711,"FIFA 19","7830"
713,"FIFA 19","7860"
715,"FIFA 19","7875"
723,"FIFA 19","7890"
726,"FIFA 19","7920"
733,"FIFA 19","7965"
735,"FIFA 19","7995"
738,"FIFA 19","8025"
743,"FIFA 19","8055"
745,"FIFA 19","8115"
751,"FIFA 19","8160"
761,"FIFA 19","8205"
765,"FIFA 19","8235"
769,"FIFA 19","8265"
773,"FIFA 19","8310"
778,"FIFA 19","8355"
785,"FIFA 19","8385"
790,"FIFA 19","8430"
792,"FIFA 19","8475"
795,"FIFA 19","8520"
799,"FIFA 19","8595"
803,"FIFA 19","8640"
817,"FIFA 19","8685"
821,"FIFA 19","8715"
825,"FIFA 19","8760"
830,"FIFA 19","8820"
838,"FIFA 19","8850"
843,"FIFA 19","8865"
847,"FIFA 19","8895"
851,"FIFA 19","8940"
855,"FIFA 19","8985"
863,"FIFA 19","9015"
867,"FIFA 19","9045"
870,"FIFA 19","9090"
873,"FIFA 19","9165"
878,"FIFA 19","9180"
881,"FIFA 19","9255"
888,"FIFA 19","9270"
890,"FIFA 19","9300"
893,"FIFA 19","9330"
894,"FIFA 19","9360"
898,"FIFA 19","9405"
901,"FIFA 19","9435"
902,"FIFA 19","9465"
917,"FIFA 19","9510"
920,"FIFA 19","9540"
921,"FIFA 19","9570"
930,"FIFA 19","9600"
934,"FIFA 19","9630"
943,"FIFA 19","9660"
946,"FIFA 19","9690"
950,"FIFA 19","9720"
953,"FIFA 19","9750"
963,"FIFA 19","9780"
964,"FIFA 19","9810"
965,"FIFA 19","9825"
968,"FIFA 19","9885"
972,"FIFA 19","9900"
976,"FIFA 19","9960"
980,"FIFA 19","9990"
992,"FIFA 19","10020"
996,"FIFA 19","10050"
997,"FIFA 19","10080"
1001,"FIFA 19","10125"
1005,"FIFA 19","10140"
1006,"FIFA 19","10170"
1011,"FIFA 19","10215"
1012,"FIFA 19","10275"
1023,"FIFA 19","10305"
1024,"FIFA 19","10335"
1028,"FIFA 19","10350"
1029,"FIFA 19","10380"
1031,"FIFA 19","10395"
1034,"FIFA 19","10425"
1036,"FIFA 19","10455"
1040,"FIFA 19","10500"
1050,"FIFA 19","10545"
1054,"FIFA 19","10575"
1262,"FIFA 19","10635"
1263,"FIFA 19","10665"
1288,"FIFA 19","10740"
1348,"FIFA 19","10815"
1389,"FIFA 19","10860"
1452,"FIFA 19","10905"
1460,"FIFA 19","10950"
1517,"FIFA 19","10995"
1754,"FIFA 19","11040"
1967,"FIFA 19","11085"
1971,"FIFA 19","11160"
2251,"FIFA 19","11250"
2252,"FIFA 19","11280"
2786,"FIFA 19","11325"
3234,"FIFA 19","11415"
209,"Tetris 99","45"
211,"Tetris 99","60"
212,"Tetris 99","75"
216,"Tetris 99","90"
317,"Wargroove","60"
318,"Wargroove","105"
319,"Wargroove","120"
320,"Wargroove","150"
322,"Wargroove","240"
323,"Wargroove","270"
324,"Wargroove","315"
327,"Wargroove","345"
328,"Wargroove","390"
330,"Wargroove","435"
333,"Wargroove","495"
334,"Wargroove","540"
335,"Wargroove","615"
336,"Wargroove","645"
337,"Wargroove","675"
338,"Wargroove","705"
339,"Wargroove","735"
325,"Slay the Spire","45"
326,"Slay the Spire","90"
329,"Slay the Spire","105"
374,"Slay the Spire","210"
375,"Slay the Spire","285"
378,"Slay the Spire","330"
379,"Slay the Spire","450"
380,"Slay the Spire","480"
382,"Slay the Spire","555"
384,"Slay the Spire","630"
386,"Slay the Spire","660"
389,"Slay the Spire","705"
392,"Slay the Spire","765"
393,"Slay the Spire","825"
394,"Slay the Spire","900"
396,"Slay the Spire","930"
398,"Slay the Spire","975"
400,"Slay the Spire","1020"
401,"Slay the Spire","1065"
404,"Slay the Spire","1155"
409,"Slay the Spire","1275"
411,"Slay the Spire","1335"
414,"Slay the Spire","1380"
417,"Slay the Spire","1440"
421,"Slay the Spire","1530"
422,"Slay the Spire","1575"
424,"Slay the Spire","1635"
427,"Slay the Spire","1725"
428,"Slay the Spire","1800"
429,"Slay the Spire","1845"
431,"Slay the Spire","1905"
434,"Slay the Spire","1965"
435,"Slay the Spire","2025"
436,"Slay the Spire","2085"
439,"Slay the Spire","2130"
441,"Slay the Spire","2175"
443,"Slay the Spire","2205"
444,"Slay the Spire","2250"
445,"Slay the Spire","2310"
446,"Slay the Spire","2355"
449,"Slay the Spire","2400"
450,"Slay the Spire","2460"
451,"Slay the Spire","2505"
453,"Slay the Spire","2520"
455,"Slay the Spire","2565"
456,"Slay the Spire","2625"
457,"Slay the Spire","2685"
458,"Slay the Spire","2745"
459,"Slay the Spire","2790"
460,"Slay the Spire","2835"
461,"Slay the Spire","2880"
462,"Slay the Spire","2895"
463,"Slay the Spire","2925"
464,"Slay the Spire","2955"
465,"Slay the Spire","2985"
467,"Slay the Spire","3015"
469,"Slay the Spire","3045"
473,"Slay the Spire","3075"
351,"Tetris Effect","15"
353,"Tetris Effect","45"
355,"Tetris Effect","105"
357,"Tetris Effect","135"
358,"Tetris Effect","180"
360,"Tetris Effect","225"
362,"Tetris Effect","285"
365,"Tetris Effect","345"
367,"Tetris Effect","375"
372,"Tetris Effect","420"
373,"Tetris Effect","435"
1297,"Tetris Effect","465"
1626,"Tetris Effect","495"
472,"Oxenfree","45"
476,"Oxenfree","105"
479,"Oxenfree","165"
480,"Hyper Light Drifter","60"
481,"Hyper Light Drifter","105"
484,"The Outer Worlds","120"
485,"The Outer Worlds","150"
486,"The Outer Worlds","255"
488,"The Outer Worlds","300"
489,"The Outer Worlds","420"
490,"The Outer Worlds","525"
492,"The Outer Worlds","585"
493,"The Outer Worlds","645"
497,"The Outer Worlds","765"
498,"The Outer Worlds","780"
499,"The Outer Worlds","825"
501,"The Outer Worlds","915"
504,"Star Wars Jedi: Fallen Order","105"
505,"Star Wars Jedi: Fallen Order","240"
506,"Star Wars Jedi: Fallen Order","345"
511,"Star Wars Jedi: Fallen Order","420"
512,"Star Wars Jedi: Fallen Order","540"
513,"Star Wars Jedi: Fallen Order","585"
514,"Star Wars Jedi: Fallen Order","615"
518,"Star Wars Jedi: Fallen Order","675"
520,"Star Wars Jedi: Fallen Order","720"
522,"Star Wars Jedi: Fallen Order","780"
524,"Star Wars Jedi: Fallen Order","870"
527,"Star Wars Jedi: Fallen Order","975"
528,"Star Wars Jedi: Fallen Order","1035"
529,"Star Wars Jedi: Fallen Order","1095"
530,"Star Wars Jedi: Fallen Order","1155"
531,"Star Wars Jedi: Fallen Order","1215"
532,"Star Wars Jedi: Fallen Order","1230"
533,"Star Wars Jedi: Fallen Order","1245"
534,"Sekiro: Shadows Die Twice","90"
535,"Sekiro: Shadows Die Twice","135"
536,"Sekiro: Shadows Die Twice","180"
537,"Sekiro: Shadows Die Twice","225"
538,"Sekiro: Shadows Die Twice","270"
540,"Sekiro: Shadows Die Twice","315"
541,"Sekiro: Shadows Die Twice","390"
542,"Sekiro: Shadows Die Twice","435"
543,"Sekiro: Shadows Die Twice","495"
544,"Sekiro: Shadows Die Twice","585"
548,"Sekiro: Shadows Die Twice","660"
549,"Sekiro: Shadows Die Twice","705"
551,"Sekiro: Shadows Die Twice","735"
552,"Sekiro: Shadows Die Twice","825"
555,"Sekiro: Shadows Die Twice","900"
556,"Sekiro: Shadows Die Twice","975"
558,"Sekiro: Shadows Die Twice","1035"
560,"Sekiro: Shadows Die Twice","1110"
561,"Sekiro: Shadows Die Twice","1185"
563,"Sekiro: Shadows Die Twice","1245"
564,"Sekiro: Shadows Die Twice","1320"
565,"Sekiro: Shadows Die Twice","1380"
567,"Sekiro: Shadows Die Twice","1425"
568,"Sekiro: Shadows Die Twice","1500"
569,"Sekiro: Shadows Die Twice","1560"
570,"Sekiro: Shadows Die Twice","1620"
571,"Sekiro: Shadows Die Twice","1650"
572,"Sekiro: Shadows Die Twice","1695"
573,"Sekiro: Shadows Die Twice","1740"
574,"Sekiro: Shadows Die Twice","1800"
575,"Sekiro: Shadows Die Twice","1875"
576,"Sekiro: Shadows Die Twice","1905"
577,"Outer Wilds","90"
579,"Outer Wilds","135"
580,"Outer Wilds","180"
583,"Outer Wilds","255"
586,"Outer Wilds","315"
590,"Outer Wilds","390"
591,"Outer Wilds","435"
592,"Outer Wilds","540"
593,"Outer Wilds","585"
594,"Outer Wilds","675"
584,"Farming Simulator 19","30"
595,"Abzu","45"
596,"Abzu","60"
598,"Abzu","105"
599,"What Remains of Edith Finch","105"
604,"Kentucky Route Zero","45"
610,"Kentucky Route Zero","135"
609,"Steep","45"
611,"Pokemon Shield","90"
612,"Pokemon Shield","120"
613,"Pokemon Shield","150"
615,"Pokemon Shield","165"
617,"Pokemon Shield","180"
619,"Pokemon Shield","210"
620,"Pokemon Shield","225"
622,"Pokemon Shield","240"
623,"Pokemon Shield","255"
624,"Pokemon Shield","285"
625,"Pokemon Shield","300"
627,"Pokemon Shield","315"
628,"Pokemon Shield","345"
629,"Pokemon Shield","375"
631,"Pokemon Shield","390"
632,"Pokemon Shield","450"
633,"Pokemon Shield","495"
634,"Pokemon Shield","525"
635,"Pokemon Shield","540"
636,"Pokemon Shield","630"
637,"Pokemon Shield","675"
638,"Pokemon Shield","735"
642,"Pokemon Shield","750"
644,"Pokemon Shield","765"
645,"Pokemon Shield","780"
647,"Pokemon Shield","825"
648,"Pokemon Shield","840"
650,"Pokemon Shield","855"
651,"Pokemon Shield","870"
653,"Pokemon Shield","885"
655,"Pokemon Shield","900"
656,"Pokemon Shield","930"
657,"Pokemon Shield","945"
658,"Pokemon Shield","990"
659,"Pokemon Shield","1020"
662,"Pokemon Shield","1065"
663,"Pokemon Shield","1095"
664,"Pokemon Shield","1110"
665,"Pokemon Shield","1170"
668,"Pokemon Shield","1245"
674,"Pokemon Shield","1305"
675,"Pokemon Shield","1320"
670,"Animal Crossing: New Horizons","30"
671,"Animal Crossing: New Horizons","60"
673,"Animal Crossing: New Horizons","75"
676,"Animal Crossing: New Horizons","90"
677,"Animal Crossing: New Horizons","105"
679,"Animal Crossing: New Horizons","135"
683,"Animal Crossing: New Horizons","150"
684,"Animal Crossing: New Horizons","180"
687,"Animal Crossing: New Horizons","195"
690,"Animal Crossing: New Horizons","225"
692,"Animal Crossing: New Horizons","255"
694,"Animal Crossing: New Horizons","270"
696,"Animal Crossing: New Horizons","285"
698,"Animal Crossing: New Horizons","315"
702,"Animal Crossing: New Horizons","360"
704,"Animal Crossing: New Horizons","375"
707,"Animal Crossing: New Horizons","390"
708,"Animal Crossing: New Horizons","405"
710,"Animal Crossing: New Horizons","420"
712,"Animal Crossing: New Horizons","435"
714,"Animal Crossing: New Horizons","450"
717,"Animal Crossing: New Horizons","480"
719,"Animal Crossing: New Horizons","495"
720,"Animal Crossing: New Horizons","525"
724,"Animal Crossing: New Horizons","585"
728,"Animal Crossing: New Horizons","600"
732,"Animal Crossing: New Horizons","615"
736,"Animal Crossing: New Horizons","645"
737,"Animal Crossing: New Horizons","660"
740,"Animal Crossing: New Horizons","690"
741,"Animal Crossing: New Horizons","705"
744,"Animal Crossing: New Horizons","720"
747,"Animal Crossing: New Horizons","780"
749,"Animal Crossing: New Horizons","810"
750,"Animal Crossing: New Horizons","840"
754,"Animal Crossing: New Horizons","870"
760,"Animal Crossing: New Horizons","900"
762,"Animal Crossing: New Horizons","960"
764,"Animal Crossing: New Horizons","990"
766,"Animal Crossing: New Horizons","1035"
768,"Animal Crossing: New Horizons","1050"
770,"Animal Crossing: New Horizons","1095"
771,"Animal Crossing: New Horizons","1110"
772,"Animal Crossing: New Horizons","1125"
774,"Animal Crossing: New Horizons","1155"
776,"Animal Crossing: New Horizons","1170"
777,"Animal Crossing: New Horizons","1185"
780,"Animal Crossing: New Horizons","1230"
782,"Animal Crossing: New Horizons","1245"
783,"Animal Crossing: New Horizons","1335"
786,"Animal Crossing: New Horizons","1350"
787,"Animal Crossing: New Horizons","1395"
788,"Animal Crossing: New Horizons","1410"
789,"Animal Crossing: New Horizons","1425"
791,"Animal Crossing: New Horizons","1440"
793,"Animal Crossing: New Horizons","1470"
794,"Animal Crossing: New Horizons","1485"
796,"Animal Crossing: New Horizons","1515"
798,"Animal Crossing: New Horizons","1545"
800,"Animal Crossing: New Horizons","1560"
802,"Animal Crossing: New Horizons","1575"
805,"Animal Crossing: New Horizons","1605"
806,"Animal Crossing: New Horizons","1650"
808,"Animal Crossing: New Horizons","1665"
810,"Animal Crossing: New Horizons","1695"
811,"Animal Crossing: New Horizons","1725"
814,"Animal Crossing: New Horizons","1755"
816,"Animal Crossing: New Horizons","1785"
818,"Animal Crossing: New Horizons","1815"
820,"Animal Crossing: New Horizons","1830"
823,"Animal Crossing: New Horizons","1845"
824,"Animal Crossing: New Horizons","1875"
827,"Animal Crossing: New Horizons","1890"
829,"Animal Crossing: New Horizons","1905"
831,"Animal Crossing: New Horizons","1935"
833,"Animal Crossing: New Horizons","1980"
835,"Animal Crossing: New Horizons","2025"
837,"Animal Crossing: New Horizons","2040"
840,"Animal Crossing: New Horizons","2055"
841,"Animal Crossing: New Horizons","2070"
842,"Animal Crossing: New Horizons","2085"
845,"Animal Crossing: New Horizons","2100"
846,"Animal Crossing: New Horizons","2115"
848,"Animal Crossing: New Horizons","2145"
849,"Animal Crossing: New Horizons","2160"
850,"Animal Crossing: New Horizons","2190"
852,"Animal Crossing: New Horizons","2220"
854,"Animal Crossing: New Horizons","2235"
856,"Animal Crossing: New Horizons","2265"
858,"Animal Crossing: New Horizons","2295"
859,"Animal Crossing: New Horizons","2325"
860,"Animal Crossing: New Horizons","2340"
861,"Animal Crossing: New Horizons","2355"
864,"Animal Crossing: New Horizons","2370"
865,"Animal Crossing: New Horizons","2400"
866,"Animal Crossing: New Horizons","2415"
868,"Animal Crossing: New Horizons","2445"
869,"Animal Crossing: New Horizons","2460"
871,"Animal Crossing: New Horizons","2490"
874,"Animal Crossing: New Horizons","2520"
876,"Animal Crossing: New Horizons","2535"
877,"Animal Crossing: New Horizons","2565"
880,"Animal Crossing: New Horizons","2580"
882,"Animal Crossing: New Horizons","2595"
883,"Animal Crossing: New Horizons","2625"
884,"Animal Crossing: New Horizons","2655"
885,"Animal Crossing: New Horizons","2670"
886,"Animal Crossing: New Horizons","2730"
889,"Animal Crossing: New Horizons","2745"
891,"Animal Crossing: New Horizons","2760"
892,"Animal Crossing: New Horizons","2790"
895,"Animal Crossing: New Horizons","2820"
897,"Animal Crossing: New Horizons","2835"
899,"Animal Crossing: New Horizons","2865"
900,"Animal Crossing: New Horizons","2880"
904,"Animal Crossing: New Horizons","2895"
905,"Animal Crossing: New Horizons","2910"
907,"Animal Crossing: New Horizons","2940"
909,"Animal Crossing: New Horizons","2970"
912,"Animal Crossing: New Horizons","2985"
913,"Animal Crossing: New Horizons","3000"
919,"Animal Crossing: New Horizons","3030"
924,"Animal Crossing: New Horizons","3060"
926,"Animal Crossing: New Horizons","3075"
929,"Animal Crossing: New Horizons","3105"
932,"Animal Crossing: New Horizons","3135"
936,"Animal Crossing: New Horizons","3150"
937,"Animal Crossing: New Horizons","3165"
938,"Animal Crossing: New Horizons","3180"
939,"Animal Crossing: New Horizons","3195"
940,"Animal Crossing: New Horizons","3210"
941,"Animal Crossing: New Horizons","3225"
942,"Animal Crossing: New Horizons","3240"
945,"Animal Crossing: New Horizons","3255"
947,"Animal Crossing: New Horizons","3285"
949,"Animal Crossing: New Horizons","3315"
952,"Animal Crossing: New Horizons","3330"
954,"Animal Crossing: New Horizons","3360"
955,"Animal Crossing: New Horizons","3390"
958,"Animal Crossing: New Horizons","3405"
962,"Animal Crossing: New Horizons","3420"
967,"Animal Crossing: New Horizons","3450"
971,"Animal Crossing: New Horizons","3480"
975,"Animal Crossing: New Horizons","3510"
979,"Animal Crossing: New Horizons","3540"
982,"Animal Crossing: New Horizons","3570"
983,"Animal Crossing: New Horizons","3585"
987,"Animal Crossing: New Horizons","3600"
991,"Animal Crossing: New Horizons","3615"
995,"Animal Crossing: New Horizons","3645"
1000,"Animal Crossing: New Horizons","3660"
1004,"Animal Crossing: New Horizons","3675"
1010,"Animal Crossing: New Horizons","3690"
1014,"Animal Crossing: New Horizons","3720"
1016,"Animal Crossing: New Horizons","3735"
1018,"Animal Crossing: New Horizons","3750"
1020,"Animal Crossing: New Horizons","3765"
1022,"Animal Crossing: New Horizons","3795"
1027,"Animal Crossing: New Horizons","3825"
1033,"Animal Crossing: New Horizons","3840"
1035,"Animal Crossing: New Horizons","3870"
1037,"Animal Crossing: New Horizons","3885"
1039,"Animal Crossing: New Horizons","3900"
1041,"Animal Crossing: New Horizons","3930"
1045,"Animal Crossing: New Horizons","3945"
1048,"Animal Crossing: New Horizons","3960"
1051,"Animal Crossing: New Horizons","3990"
1053,"Animal Crossing: New Horizons","4005"
1057,"Animal Crossing: New Horizons","4020"
1058,"Animal Crossing: New Horizons","4035"
1060,"Animal Crossing: New Horizons","4050"
1061,"Animal Crossing: New Horizons","4065"
1064,"Animal Crossing: New Horizons","4080"
1067,"Animal Crossing: New Horizons","4095"
1068,"Animal Crossing: New Horizons","4155"
1072,"Animal Crossing: New Horizons","4170"
1073,"Animal Crossing: New Horizons","4185"
1076,"Animal Crossing: New Horizons","4200"
1078,"Animal Crossing: New Horizons","4215"
1080,"Animal Crossing: New Horizons","4245"
1081,"Animal Crossing: New Horizons","4260"
1082,"Animal Crossing: New Horizons","4275"
1083,"Animal Crossing: New Horizons","4290"
1087,"Animal Crossing: New Horizons","4305"
1089,"Animal Crossing: New Horizons","4320"
1090,"Animal Crossing: New Horizons","4350"
1091,"Animal Crossing: New Horizons","4365"
1092,"Animal Crossing: New Horizons","4395"
678,"Call of Duty: Warzone","90"
682,"Call of Duty: Warzone","135"
700,"Call of Duty: Warzone","195"
703,"Call of Duty: Warzone","300"
718,"Call of Duty: Warzone","360"
756,"Call of Duty: Warzone","390"
812,"Call of Duty: Warzone","450"
862,"Call of Duty: Warzone","510"
680,"Two Point Hospital","30"
689,"Two Point Hospital","90"
701,"Two Point Hospital","150"
716,"Ori: The Will of the Wisps","75"
722,"Ori: The Will of the Wisps","165"
725,"Ori: The Will of the Wisps","225"
727,"Ori: The Will of the Wisps","270"
729,"Ori: The Will of the Wisps","330"
734,"Ori: The Will of the Wisps","360"
742,"Ori: The Will of the Wisps","390"
746,"Ori: The Will of the Wisps","420"
752,"Ori: The Will of the Wisps","480"
753,"Ori: The Will of the Wisps","555"
757,"Ori: The Will of the Wisps","630"
767,"Crash Team Racing Nitro-Fueled","30"
775,"Crash Team Racing Nitro-Fueled","60"
797,"Astroneer","90"
801,"Astroneer","150"
804,"Astroneer","180"
807,"Astroneer","240"
813,"Astroneer","330"
815,"Astroneer","375"
819,"Astroneer","465"
822,"Astroneer","525"
828,"Astroneer","585"
832,"Astroneer","705"
834,"Astroneer","795"
839,"Astroneer","825"
844,"Astroneer","855"
853,"Astroneer","915"
857,"Astroneer","1110"
872,"Astroneer","1170"
875,"Astroneer","1230"
879,"Astroneer","1290"
887,"Astroneer","1350"
896,"Astroneer","1395"
1013,"Astroneer","1635"
903,"Satisfactory","75"
908,"Satisfactory","135"
911,"Satisfactory","345"
914,"Satisfactory","465"
918,"Satisfactory","510"
922,"Satisfactory","570"
928,"Satisfactory","630"
931,"Satisfactory","690"
935,"Satisfactory","765"
944,"Satisfactory","810"
948,"Satisfactory","870"
951,"Satisfactory","975"
956,"Satisfactory","1065"
957,"Satisfactory","1125"
959,"Satisfactory","1215"
960,"Satisfactory","1245"
961,"Satisfactory","1290"
966,"Satisfactory","1380"
969,"Satisfactory","1410"
970,"Satisfactory","1500"
973,"Satisfactory","1530"
974,"Satisfactory","1605"
977,"Satisfactory","1650"
978,"Satisfactory","1695"
981,"Satisfactory","1905"
984,"Satisfactory","1980"
990,"Satisfactory","2025"
993,"Satisfactory","2070"
998,"Satisfactory","2130"
1002,"Satisfactory","2160"
1007,"Satisfactory","2190"
1017,"Satisfactory","2205"
1025,"Satisfactory","2265"
1030,"Satisfactory","2325"
1038,"Satisfactory","2370"
1042,"Satisfactory","2400"
1049,"Satisfactory","2430"
1055,"Satisfactory","2460"
1056,"Satisfactory","2520"
1059,"Satisfactory","2565"
1062,"Satisfactory","2625"
1065,"Satisfactory","2685"
1077,"Satisfactory","2745"
1079,"Satisfactory","2805"
2718,"Satisfactory","2925"
2719,"Satisfactory","3090"
2720,"Satisfactory","3360"
2721,"Satisfactory","3540"
2722,"Satisfactory","3585"
2723,"Satisfactory","3675"
2724,"Satisfactory","3765"
2725,"Satisfactory","3885"
2726,"Satisfactory","3945"
2727,"Satisfactory","4110"
2728,"Satisfactory","4140"
2729,"Satisfactory","4230"
2730,"Satisfactory","4320"
2731,"Satisfactory","4410"
2732,"Satisfactory","4530"
2733,"Satisfactory","4575"
2734,"Satisfactory","4665"
2735,"Satisfactory","4785"
2736,"Satisfactory","4845"
2737,"Satisfactory","4875"
2738,"Satisfactory","4935"
2739,"Satisfactory","5055"
2740,"Satisfactory","5085"
2781,"Satisfactory","5205"
2782,"Satisfactory","5265"
2784,"Satisfactory","5325"
2795,"Satisfactory","5445"
2796,"Satisfactory","5505"
2797,"Satisfactory","5565"
2798,"Satisfactory","5625"
2799,"Satisfactory","5685"
2801,"Satisfactory","5730"
2802,"Satisfactory","5790"
2806,"Satisfactory","5835"
2817,"Satisfactory","5940"
2828,"Satisfactory","5985"
2829,"Satisfactory","6105"
2830,"Satisfactory","6180"
2832,"Satisfactory","6210"
2833,"Satisfactory","6255"
2837,"Satisfactory","6285"
2838,"Satisfactory","6465"
2840,"Satisfactory","6585"
2841,"Satisfactory","6675"
2842,"Satisfactory","6735"
2843,"Satisfactory","6795"
2844,"Satisfactory","6825"
2845,"Satisfactory","6855"
2846,"Satisfactory","6885"
2847,"Satisfactory","6945"
2848,"Satisfactory","6990"
2851,"Satisfactory","7095"
2852,"Satisfactory","7140"
2854,"Satisfactory","7200"
2855,"Satisfactory","7230"
2857,"Satisfactory","7320"
2858,"Satisfactory","7410"
2860,"Satisfactory","7500"
2861,"Satisfactory","7545"
2862,"Satisfactory","7605"
2863,"Satisfactory","7635"
2864,"Satisfactory","7680"
2865,"Satisfactory","7725"
2866,"Satisfactory","7800"
2867,"Satisfactory","7845"
2868,"Satisfactory","7890"
2869,"Satisfactory","7995"
2870,"Satisfactory","8085"
2871,"Satisfactory","8130"
2872,"Satisfactory","8145"
2873,"Satisfactory","8175"
2874,"Satisfactory","8235"
2876,"Satisfactory","8295"
2877,"Satisfactory","8370"
2879,"Satisfactory","8430"
2880,"Satisfactory","8490"
2881,"Satisfactory","8550"
2882,"Satisfactory","8640"
2884,"Satisfactory","8700"
2885,"Satisfactory","8775"
2886,"Satisfactory","8895"
2887,"Satisfactory","9015"
2888,"Satisfactory","9045"
2889,"Satisfactory","9075"
2890,"Satisfactory","9150"
2891,"Satisfactory","9180"
2892,"Satisfactory","9225"
2893,"Satisfactory","9255"
2894,"Satisfactory","9285"
2896,"Satisfactory","9315"
2898,"Satisfactory","9375"
2899,"Satisfactory","9435"
2900,"Satisfactory","9540"
2901,"Satisfactory","9600"
2902,"Satisfactory","9660"
2903,"Satisfactory","9720"
2904,"Satisfactory","9840"
2906,"Satisfactory","9855"
2907,"Satisfactory","9900"
2908,"Satisfactory","9930"
2909,"Satisfactory","9975"
2910,"Satisfactory","10005"
2911,"Satisfactory","10200"
2912,"Satisfactory","10470"
2913,"Satisfactory","10500"
2914,"Satisfactory","10530"
2915,"Satisfactory","10575"
2917,"Satisfactory","10650"
2918,"Satisfactory","10710"
2919,"Satisfactory","10770"
2920,"Satisfactory","10845"
2921,"Satisfactory","10905"
2922,"Satisfactory","10950"
2923,"Satisfactory","10980"
2924,"Satisfactory","11010"
2925,"Satisfactory","11040"
2926,"Satisfactory","11085"
2927,"Satisfactory","11130"
2928,"Satisfactory","11190"
2929,"Satisfactory","11235"
2930,"Satisfactory","11295"
2932,"Satisfactory","11325"
2933,"Satisfactory","11385"
2934,"Satisfactory","11445"
2935,"Satisfactory","11505"
2936,"Satisfactory","11550"
2937,"Satisfactory","11640"
2938,"Satisfactory","11730"
2939,"Satisfactory","11760"
2940,"Satisfactory","11805"
2941,"Satisfactory","11895"
2942,"Satisfactory","11925"
2943,"Satisfactory","11940"
2944,"Satisfactory","12000"
2945,"Satisfactory","12015"
2947,"Satisfactory","12045"
2948,"Satisfactory","12060"
2949,"Satisfactory","12090"
2950,"Satisfactory","12135"
2951,"Satisfactory","12180"
2952,"Satisfactory","12255"
2953,"Satisfactory","12300"
2954,"Satisfactory","12345"
2955,"Satisfactory","12375"
2956,"Satisfactory","12420"
2957,"Satisfactory","12495"
2958,"Satisfactory","12510"
2959,"Satisfactory","12555"
2960,"Satisfactory","12600"
2961,"Satisfactory","12675"
2963,"Satisfactory","12735"
2964,"Satisfactory","12780"
2965,"Satisfactory","12810"
2966,"Satisfactory","12870"
2967,"Satisfactory","12900"
2968,"Satisfactory","12960"
2969,"Satisfactory","13005"
2970,"Satisfactory","13035"
2971,"Satisfactory","13050"
2972,"Satisfactory","13095"
2973,"Satisfactory","13125"
2974,"Satisfactory","13170"
2977,"Satisfactory","13200"
2978,"Satisfactory","13260"
2983,"Satisfactory","13275"
2986,"Satisfactory","13305"
2988,"Satisfactory","13350"
2990,"Satisfactory","13380"
2991,"Satisfactory","13410"
2992,"Satisfactory","13470"
2996,"Satisfactory","13500"
2997,"Satisfactory","13530"
2998,"Satisfactory","13590"
3000,"Satisfactory","13650"
3001,"Satisfactory","13710"
3004,"Satisfactory","13770"
3010,"Satisfactory","13815"
3047,"Satisfactory","13905"
3049,"Satisfactory","13965"
3050,"Satisfactory","13995"
3051,"Satisfactory","14040"
3052,"Satisfactory","14085"
3053,"Satisfactory","14145"
3054,"Satisfactory","14190"
3055,"Satisfactory","14280"
3057,"Satisfactory","14310"
3058,"Satisfactory","14355"
3060,"Satisfactory","14415"
3061,"Satisfactory","14445"
3062,"Satisfactory","14505"
906,"Rocket League","75"
910,"Rocket League","120"
915,"Rocket League","135"
916,"Rocket League","180"
923,"Rocket League","240"
925,"Rocket League","300"
927,"Rocket League","390"
933,"Rocket League","435"
1063,"Rocket League","480"
1593,"Rocket League","555"
1601,"Rocket League","630"
1602,"Rocket League","720"
1605,"Rocket League","810"
1608,"Rocket League","900"
1617,"Rocket League","960"
1621,"Rocket League","1005"
1622,"Rocket League","1080"
1624,"Rocket League","1230"
1629,"Rocket League","1305"
1636,"Rocket League","1335"
1643,"Rocket League","1455"
1647,"Rocket League","1530"
1654,"Rocket League","1605"
1664,"Rocket League","1725"
1676,"Rocket League","1845"
1701,"Rocket League","1965"
1705,"Rocket League","2025"
1708,"Rocket League","2115"
1821,"Rocket League","2205"
1850,"Rocket League","2295"
1867,"Rocket League","2385"
2096,"Rocket League","2445"
2794,"Rocket League","2520"
2800,"Rocket League","2580"
2803,"Rocket League","2640"
2823,"Rocket League","2760"
3129,"Rocket League","2850"
3142,"Rocket League","2940"
3149,"Rocket League","3015"
985,"The Last of Us: Part II","135"
986,"The Last of Us: Part II","195"
988,"The Last of Us: Part II","270"
989,"The Last of Us: Part II","420"
994,"The Last of Us: Part II","510"
999,"The Last of Us: Part II","570"
1003,"The Last of Us: Part II","645"
1009,"The Last of Us: Part II","765"
1015,"The Last of Us: Part II","870"
1019,"The Last of Us: Part II","1020"
1021,"The Last of Us: Part II","1080"
1026,"The Last of Us: Part II","1200"
1032,"The Last of Us: Part II","1260"
1043,"The Last of Us: Part II","1320"
1044,"The Last of Us: Part II","1365"
1047,"The Last of Us: Part II","1455"
1052,"The Last of Us: Part II","1545"
3192,"The Last of Us: Part II","1575"
3195,"The Last of Us: Part II","1605"
3196,"The Last of Us: Part II","1650"
3197,"The Last of Us: Part II","1755"
3198,"The Last of Us: Part II","1815"
3199,"The Last of Us: Part II","1860"
3200,"The Last of Us: Part II","1935"
3202,"The Last of Us: Part II","1965"
3203,"The Last of Us: Part II","2025"
3204,"The Last of Us: Part II","2055"
3205,"The Last of Us: Part II","2130"
3206,"The Last of Us: Part II","2175"
3207,"The Last of Us: Part II","2205"
3208,"The Last of Us: Part II","2235"
3210,"The Last of Us: Part II","2265"
3211,"The Last of Us: Part II","2310"
3212,"The Last of Us: Part II","2355"
3213,"The Last of Us: Part II","2415"
3214,"The Last of Us: Part II","2505"
3215,"The Last of Us: Part II","2565"
3220,"The Last of Us: Part II","2595"
3221,"The Last of Us: Part II","2640"
3222,"The Last of Us: Part II","2760"
3223,"The Last of Us: Part II","2790"
3225,"The Last of Us: Part II","2835"
3226,"The Last of Us: Part II","2910"
1066,"Dying Light","60"
1069,"Dying Light","150"
1074,"Dying Light","240"
1086,"Dying Light","360"
1088,"Dying Light","510"
1094,"Dying Light","660"
1096,"Dying Light","810"
1097,"Dying Light","870"
1113,"Dying Light","1020"
1123,"Dying Light","1140"
1140,"Dying Light","1260"
1173,"Dying Light","1380"
1070,"Endless Space 2","90"
1071,"Endless Space 2","180"
1075,"Endless Space 2","225"
1084,"Football Manager 2020","60"
1085,"Football Manager 2020","150"
1093,"Tacoma","120"
1095,"Carrion","30"
1098,"Minit","45"
1099,"Guacamelee 2","75"
1100,"Totally Accurate Battle Simulator","60"
1103,"Totally Accurate Battle Simulator","90"
1108,"Fall Guys","45"
1110,"Fall Guys","90"
1111,"Fall Guys","120"
1117,"Fall Guys","150"
1119,"Fall Guys","165"
1122,"Fall Guys","195"
1126,"Fall Guys","225"
1114,"Spiritfarer","30"
1115,"Spiritfarer","90"
1118,"Spiritfarer","135"
1120,"Spiritfarer","195"
1125,"Spiritfarer","255"
1128,"Spiritfarer","330"
1130,"Spiritfarer","405"
1133,"Spiritfarer","480"
1135,"Spiritfarer","540"
1136,"Spiritfarer","600"
1137,"Spiritfarer","660"
1138,"Spiritfarer","720"
1139,"Spiritfarer","765"
1145,"Spiritfarer","825"
1146,"Spiritfarer","885"
1147,"Spiritfarer","945"
1148,"Spiritfarer","990"
1152,"Spiritfarer","1050"
1154,"Spiritfarer","1095"
1155,"Spiritfarer","1140"
1156,"Spiritfarer","1185"
1164,"Spiritfarer","1230"
1165,"Spiritfarer","1275"
1166,"Spiritfarer","1335"
1167,"Spiritfarer","1350"
1172,"Spiritfarer","1425"
1116,"Microsoft Flight Simulator","60"
1131,"Tell Me Why","90"
1134,"Tell Me Why","150"
1142,"Tell Me Why","300"
1151,"Tell Me Why","480"
1141,"Crusader Kings 3","120"
1144,"Crusader Kings 3","165"
1149,"Among Us","195"
1153,"Among Us","285"
1161,"Among Us","375"
1181,"Among Us","420"
1158,"Smash Tennis","15"
1159,"Totally Reliable Delivery Service","45"
1163,"Golf with your Friends","120"
1244,"Golf with your Friends","210"
1168,"Hades","60"
1169,"Hades","120"
1170,"Hades","180"
1171,"Hades","270"
1174,"Hades","360"
1175,"Hades","450"
1176,"Hades","495"
1183,"Hades","570"
1189,"Hades","615"
1191,"Hades","675"
1194,"Hades","735"
1197,"Hades","795"
1200,"Hades","825"
1204,"Hades","855"
1207,"Hades","930"
1210,"Hades","990"
1214,"Hades","1050"
1240,"Hades","1095"
1242,"Hades","1155"
1246,"Hades","1200"
1250,"Hades","1260"
1254,"Hades","1320"
1265,"Hades","1380"
1430,"Hades","1440"
1434,"Hades","1470"
1436,"Hades","1530"
1443,"Hades","1575"
1448,"Hades","1635"
1454,"Hades","1695"
1455,"Hades","1740"
1456,"Hades","1800"
1464,"Hades","1845"
1465,"Hades","1905"
1468,"Hades","1950"
1469,"Hades","1995"
1472,"Hades","2040"
1475,"Hades","2085"
1478,"Hades","2130"
1480,"Hades","2175"
1177,"Spelunky 2","75"
1178,"Spelunky 2","105"
1179,"Spelunky 2","180"
1180,"Spelunky 2","270"
1182,"Spelunky 2","315"
1184,"Spelunky 2","330"
1185,"Spelunky 2","360"
1186,"Spelunky 2","405"
1187,"Spelunky 2","495"
1188,"Spelunky 2","540"
1190,"Spelunky 2","585"
1192,"Spelunky 2","600"
1193,"Spelunky 2","645"
1195,"Spelunky 2","660"
1196,"Spelunky 2","705"
1198,"Spelunky 2","720"
1199,"Spelunky 2","765"
1201,"Spelunky 2","810"
1202,"Spelunky 2","840"
1203,"Spelunky 2","930"
1205,"Spelunky 2","1005"
1206,"Spelunky 2","1035"
1208,"Spelunky 2","1080"
1209,"Spelunky 2","1125"
1211,"Spelunky 2","1155"
1212,"Spelunky 2","1170"
1213,"Spelunky 2","1200"
1215,"Spelunky 2","1230"
1216,"Spelunky 2","1245"
1217,"Spelunky 2","1305"
1218,"Spelunky 2","1320"
1219,"Spelunky 2","1350"
1221,"Spelunky 2","1380"
1223,"Spelunky 2","1410"
1224,"Spelunky 2","1425"
1225,"Spelunky 2","1440"
1227,"Spelunky 2","1470"
1228,"Spelunky 2","1500"
1229,"Spelunky 2","1515"
1231,"Spelunky 2","1545"
1232,"Spelunky 2","1560"
1233,"Spelunky 2","1575"
1234,"Spelunky 2","1590"
1235,"Spelunky 2","1605"
1236,"Spelunky 2","1635"
1237,"Spelunky 2","1665"
1238,"Spelunky 2","1695"
1239,"Spelunky 2","1725"
1241,"Spelunky 2","1770"
1243,"Spelunky 2","1800"
1245,"Spelunky 2","1815"
1247,"Spelunky 2","1845"
1248,"Spelunky 2","1875"
1249,"Spelunky 2","1890"
1251,"Spelunky 2","1935"
1252,"Spelunky 2","1950"
1253,"Spelunky 2","1980"
1255,"Spelunky 2","2025"
1256,"Spelunky 2","2055"
1257,"Spelunky 2","2070"
1258,"Spelunky 2","2100"
1259,"Spelunky 2","2115"
1264,"Spelunky 2","2130"
1266,"Spelunky 2","2160"
1267,"Spelunky 2","2205"
1268,"Spelunky 2","2220"
1269,"Spelunky 2","2280"
1270,"Spelunky 2","2325"
1271,"Spelunky 2","2355"
1272,"Spelunky 2","2430"
1273,"Spelunky 2","2445"
1276,"Spelunky 2","2490"
1278,"Spelunky 2","2505"
1279,"Spelunky 2","2535"
1280,"Spelunky 2","2550"
1281,"Spelunky 2","2580"
1282,"Spelunky 2","2595"
1283,"Spelunky 2","2640"
1284,"Spelunky 2","2670"
1285,"Spelunky 2","2685"
1286,"Spelunky 2","2700"
1287,"Spelunky 2","2730"
1289,"Spelunky 2","2745"
1290,"Spelunky 2","2805"
1292,"Spelunky 2","2820"
1293,"Spelunky 2","2835"
1294,"Spelunky 2","2865"
1295,"Spelunky 2","2895"
1296,"Spelunky 2","2910"
1298,"Spelunky 2","2925"
1299,"Spelunky 2","2940"
1300,"Spelunky 2","2970"
1301,"Spelunky 2","3000"
1302,"Spelunky 2","3015"
1303,"Spelunky 2","3045"
1304,"Spelunky 2","3075"
1305,"Spelunky 2","3105"
1306,"Spelunky 2","3135"
1307,"Spelunky 2","3150"
1308,"Spelunky 2","3165"
1309,"Spelunky 2","3210"
1311,"Spelunky 2","3240"
1312,"Spelunky 2","3255"
1313,"Spelunky 2","3285"
1314,"Spelunky 2","3330"
1315,"Spelunky 2","3360"
1317,"Spelunky 2","3390"
1318,"Spelunky 2","3420"
1319,"Spelunky 2","3435"
1320,"Spelunky 2","3495"
1321,"Spelunky 2","3510"
1322,"Spelunky 2","3555"
1323,"Spelunky 2","3570"
1324,"Spelunky 2","3585"
1325,"Spelunky 2","3645"
1326,"Spelunky 2","3690"
1327,"Spelunky 2","3705"
1328,"Spelunky 2","3735"
1329,"Spelunky 2","3750"
1330,"Spelunky 2","3810"
1332,"Spelunky 2","3825"
1334,"Spelunky 2","3855"
1335,"Spelunky 2","3885"
1336,"Spelunky 2","3900"
1337,"Spelunky 2","3930"
1338,"Spelunky 2","3960"
1340,"Spelunky 2","4005"
1341,"Spelunky 2","4050"
1343,"Spelunky 2","4065"
1344,"Spelunky 2","4095"
1345,"Spelunky 2","4140"
1346,"Spelunky 2","4155"
1347,"Spelunky 2","4185"
1349,"Spelunky 2","4215"
1351,"Spelunky 2","4230"
1352,"Spelunky 2","4245"
1353,"Spelunky 2","4260"
1354,"Spelunky 2","4290"
1355,"Spelunky 2","4305"
1356,"Spelunky 2","4320"
1357,"Spelunky 2","4335"
1358,"Spelunky 2","4365"
1359,"Spelunky 2","4440"
1360,"Spelunky 2","4470"
1361,"Spelunky 2","4515"
1362,"Spelunky 2","4530"
1363,"Spelunky 2","4545"
1364,"Spelunky 2","4560"
1365,"Spelunky 2","4650"
1366,"Spelunky 2","4770"
1367,"Spelunky 2","4800"
1368,"Spelunky 2","4815"
1369,"Spelunky 2","4875"
1370,"Spelunky 2","4890"
1371,"Spelunky 2","4920"
1372,"Spelunky 2","4950"
1373,"Spelunky 2","4980"
1374,"Spelunky 2","5010"
1375,"Spelunky 2","5055"
1378,"Spelunky 2","5115"
1379,"Spelunky 2","5145"
1380,"Spelunky 2","5160"
1382,"Spelunky 2","5220"
1383,"Spelunky 2","5235"
1385,"Spelunky 2","5325"
1386,"Spelunky 2","5355"
1388,"Spelunky 2","5385"
1390,"Spelunky 2","5430"
1392,"Spelunky 2","5490"
1393,"Spelunky 2","5520"
1394,"Spelunky 2","5550"
1395,"Spelunky 2","5640"
1397,"Spelunky 2","5685"
1398,"Spelunky 2","5715"
1400,"Spelunky 2","5775"
1402,"Spelunky 2","5835"
1405,"Spelunky 2","5895"
1408,"Spelunky 2","5940"
1409,"Spelunky 2","5970"
1410,"Spelunky 2","5985"
1411,"Spelunky 2","6000"
1412,"Spelunky 2","6030"
1413,"Spelunky 2","6090"
1414,"Spelunky 2","6135"
1415,"Spelunky 2","6210"
1416,"Spelunky 2","6270"
1417,"Spelunky 2","6330"
1418,"Spelunky 2","6345"
1419,"Spelunky 2","6360"
1420,"Spelunky 2","6405"
1421,"Spelunky 2","6435"
1422,"Spelunky 2","6465"
1423,"Spelunky 2","6510"
1424,"Spelunky 2","6555"
1425,"Spelunky 2","6585"
1426,"Spelunky 2","6645"
1428,"Spelunky 2","6660"
1429,"Spelunky 2","6690"
1431,"Spelunky 2","6720"
1433,"Spelunky 2","6750"
1435,"Spelunky 2","6810"
1437,"Spelunky 2","6885"
1438,"Spelunky 2","6945"
1440,"Spelunky 2","6990"
1441,"Spelunky 2","7050"
1442,"Spelunky 2","7095"
1444,"Spelunky 2","7140"
1445,"Spelunky 2","7185"
1446,"Spelunky 2","7245"
1449,"Spelunky 2","7305"
1450,"Spelunky 2","7350"
1451,"Spelunky 2","7365"
1453,"Spelunky 2","7425"
1458,"Spelunky 2","7455"
1459,"Spelunky 2","7485"
1462,"Spelunky 2","7545"
1466,"Spelunky 2","7605"
1473,"Spelunky 2","7635"
1474,"Spelunky 2","7665"
1476,"Spelunky 2","7695"
1477,"Spelunky 2","7740"
1479,"Spelunky 2","7785"
1481,"Spelunky 2","7845"
1482,"Spelunky 2","7875"
1484,"Spelunky 2","7920"
1485,"Spelunky 2","7950"
1486,"Spelunky 2","8010"
1492,"Spelunky 2","8055"
1493,"Spelunky 2","8115"
1495,"Spelunky 2","8160"
1497,"Spelunky 2","8175"
1498,"Spelunky 2","8205"
1499,"Spelunky 2","8235"
1500,"Spelunky 2","8280"
1501,"Spelunky 2","8325"
1502,"Spelunky 2","8370"
1503,"Spelunky 2","8400"
1504,"Spelunky 2","8445"
1505,"Spelunky 2","8490"
1506,"Spelunky 2","8520"
1508,"Spelunky 2","8550"
1509,"Spelunky 2","8595"
1510,"Spelunky 2","8625"
1512,"Spelunky 2","8670"
1513,"Spelunky 2","8700"
1514,"Spelunky 2","8715"
1515,"Spelunky 2","8730"
1516,"Spelunky 2","8760"
1518,"Spelunky 2","8820"
1519,"Spelunky 2","8850"
1520,"Spelunky 2","8880"
1521,"Spelunky 2","8910"
1522,"Spelunky 2","8955"
1523,"Spelunky 2","9000"
1524,"Spelunky 2","9045"
1525,"Spelunky 2","9090"
1526,"Spelunky 2","9120"
1527,"Spelunky 2","9180"
1528,"Spelunky 2","9210"
1530,"Spelunky 2","9240"
1532,"Spelunky 2","9285"
1533,"Spelunky 2","9300"
1537,"Spelunky 2","9315"
1542,"Spelunky 2","9375"
1545,"Spelunky 2","9435"
1546,"Spelunky 2","9465"
1548,"Spelunky 2","9510"
1589,"Spelunky 2","9570"
1598,"Spelunky 2","9630"
1610,"Spelunky 2","9705"
1614,"Spelunky 2","9780"
1638,"Spelunky 2","9795"
1641,"Spelunky 2","9810"
1652,"Spelunky 2","9885"
1657,"Spelunky 2","9900"
1662,"Spelunky 2","9930"
1663,"Spelunky 2","9990"
1668,"Spelunky 2","10020"
1684,"Spelunky 2","10050"
1805,"Spelunky 2","10080"
1808,"Spelunky 2","10110"
1920,"Spelunky 2","10170"
1944,"Spelunky 2","10215"
2009,"Spelunky 2","10275"
2029,"Spelunky 2","10320"
2041,"Spelunky 2","10350"
2044,"Spelunky 2","10410"
2047,"Spelunky 2","10455"
2050,"Spelunky 2","10515"
2053,"Spelunky 2","10575"
2057,"Spelunky 2","10635"
2061,"Spelunky 2","10695"
2063,"Spelunky 2","10740"
2072,"Spelunky 2","10830"
2076,"Spelunky 2","10920"
2079,"Spelunky 2","10980"
2082,"Spelunky 2","11025"
2089,"Spelunky 2","11070"
2101,"Spelunky 2","11130"
2106,"Spelunky 2","11190"
2114,"Spelunky 2","11250"
2129,"Spelunky 2","11280"
2130,"Spelunky 2","11310"
2136,"Spelunky 2","11340"
2210,"Spelunky 2","11370"
2232,"Spelunky 2","11400"
2262,"Spelunky 2","11430"
2266,"Spelunky 2","11460"
2286,"Spelunky 2","11505"
2382,"Spelunky 2","11550"
2386,"Spelunky 2","11580"
2402,"Spelunky 2","11610"
2404,"Spelunky 2","11640"
2425,"Spelunky 2","11670"
2427,"Spelunky 2","11700"
2483,"Spelunky 2","11760"
2485,"Spelunky 2","11820"
2496,"Spelunky 2","11865"
2639,"Spelunky 2","11925"
2671,"Spelunky 2","11955"
3233,"Spelunky 2","12015"
1220,"Cook, Serve, Delicious 3","45"
1222,"Cook, Serve, Delicious 3","90"
1226,"Cook, Serve, Delicious 3","120"
1260,"Minecraft: Dungeons","45"
1261,"Minecraft: Dungeons","135"
1275,"Star Wars: Squadrons","60"
1291,"Star Wars: Squadrons","75"
1331,"Doom Eternal","45"
1333,"Doom Eternal","120"
1339,"Doom Eternal","210"
1342,"Doom Eternal","270"
1376,"Doom Eternal","330"
1381,"Doom Eternal","375"
1384,"Doom Eternal","420"
1387,"Doom Eternal","465"
1391,"Doom Eternal","555"
1396,"Doom Eternal","585"
1399,"Doom Eternal","615"
1403,"Doom Eternal","735"
1350,"Moss","60"
1377,"Half Life: Alyx","60"
1401,"Half Life: Alyx","120"
1406,"Half Life: Alyx","180"
1427,"Half Life: Alyx","255"
1432,"Half Life: Alyx","330"
1457,"Half Life: Alyx","420"
1494,"Half Life: Alyx","540"
1404,"Umurangi Generation","30"
1407,"Umurangi Generation","60"
1463,"Umurangi Generation","75"
1467,"Umurangi Generation","105"
1439,"Control","30"
1447,"Control","60"
1461,"FIFA 21","30"
1470,"Falconeer","30"
1471,"Donut County","30"
1507,"Donut County","90"
1487,"Monster Train","75"
1488,"Monster Train","120"
1489,"Monster Train","165"
1490,"Monster Train","210"
1491,"Monster Train","270"
1496,"Monster Train","315"
1511,"Loop Hero","30"
1529,"Super Animal Royale","90"
1531,"Super Animal Royale","180"
1534,"Celeste","60"
1535,"Celeste","120"
1536,"Celeste","165"
1538,"Celeste","240"
1539,"Celeste","300"
1541,"Celeste","360"
1543,"Celeste","405"
1544,"Celeste","450"
1547,"Celeste","495"
1549,"Celeste","525"
1550,"Celeste","585"
1551,"Celeste","645"
1552,"Celeste","690"
1553,"Celeste","735"
1554,"Celeste","765"
1555,"Celeste","780"
1556,"Celeste","825"
1557,"Celeste","855"
1558,"Celeste","900"
1559,"Celeste","915"
1560,"Celeste","945"
1561,"Celeste","990"
1562,"Celeste","1035"
1563,"Celeste","1080"
1565,"Celeste","1125"
1569,"Celeste","1170"
1571,"Celeste","1200"
1572,"Celeste","1230"
1574,"Celeste","1245"
1566,"It Takes Two","120"
1567,"It Takes Two","165"
1570,"It Takes Two","210"
1573,"It Takes Two","270"
1575,"It Takes Two","315"
1580,"It Takes Two","360"
1583,"It Takes Two","405"
1585,"It Takes Two","465"
1586,"It Takes Two","540"
1587,"It Takes Two","585"
1568,"Super Metroid","30"
1576,"Slime Rancher","75"
1577,"Slime Rancher","135"
1578,"Slime Rancher","180"
1579,"Slime Rancher","240"
1581,"Slime Rancher","300"
1582,"Haven","60"
1584,"Haven","120"
1590,"Griftlands","45"
1591,"Griftlands","90"
1592,"Griftlands","135"
1594,"Griftlands","210"
1595,"Griftlands","270"
1596,"Griftlands","300"
1597,"Griftlands","360"
1599,"Griftlands","420"
1600,"Griftlands","465"
1603,"Ragnarock","45"
1606,"Descenders","30"
1609,"Trigger Witch","45"
1611,"Trigger Witch","75"
1612,"Trigger Witch","105"
1613,"Trigger Witch","180"
1615,"Trigger Witch","225"
1618,"Trigger Witch","255"
1619,"Trigger Witch","285"
1620,"Trigger Witch","345"
1630,"Risk of Rain 2","30"
1631,"Risk of Rain 2","120"
1632,"Risk of Rain 2","150"
1633,"Risk of Rain 2","270"
1634,"Risk of Rain 2","315"
1635,"Risk of Rain 2","345"
1637,"Risk of Rain 2","375"
1639,"Risk of Rain 2","495"
1642,"Risk of Rain 2","585"
1644,"Risk of Rain 2","645"
1645,"Risk of Rain 2","720"
1648,"Risk of Rain 2","780"
1650,"Risk of Rain 2","840"
1655,"Risk of Rain 2","900"
1658,"Risk of Rain 2","960"
1660,"Risk of Rain 2","1020"
1665,"Risk of Rain 2","1080"
1667,"Risk of Rain 2","1125"
1669,"Risk of Rain 2","1185"
1671,"Risk of Rain 2","1275"
1672,"Risk of Rain 2","1335"
1673,"Risk of Rain 2","1410"
1677,"Risk of Rain 2","1530"
1679,"Risk of Rain 2","1620"
1682,"Risk of Rain 2","1680"
1683,"Risk of Rain 2","1740"
1685,"Risk of Rain 2","1800"
1687,"Risk of Rain 2","1890"
1688,"Risk of Rain 2","1980"
1689,"Risk of Rain 2","2055"
1692,"Risk of Rain 2","2175"
1694,"Risk of Rain 2","2235"
1695,"Risk of Rain 2","2325"
1696,"Risk of Rain 2","2415"
1697,"Risk of Rain 2","2505"
1698,"Risk of Rain 2","2625"
1700,"Risk of Rain 2","2730"
1702,"Risk of Rain 2","2850"
1704,"Risk of Rain 2","2925"
1706,"Risk of Rain 2","3015"
1707,"Risk of Rain 2","3075"
1709,"Risk of Rain 2","3165"
1710,"Risk of Rain 2","3240"
1712,"Risk of Rain 2","3390"
1713,"Risk of Rain 2","3480"
1714,"Risk of Rain 2","3570"
1715,"Risk of Rain 2","3645"
1716,"Risk of Rain 2","3690"
1717,"Risk of Rain 2","3765"
1718,"Risk of Rain 2","3795"
1719,"Risk of Rain 2","3915"
1720,"Risk of Rain 2","3975"
1721,"Risk of Rain 2","4035"
1722,"Risk of Rain 2","4065"
1723,"Risk of Rain 2","4140"
1724,"Risk of Rain 2","4320"
1725,"Risk of Rain 2","4365"
1726,"Risk of Rain 2","4410"
1727,"Risk of Rain 2","4470"
1728,"Risk of Rain 2","4515"
1729,"Risk of Rain 2","4560"
1730,"Risk of Rain 2","4605"
1731,"Risk of Rain 2","4680"
1732,"Risk of Rain 2","4770"
1733,"Risk of Rain 2","4800"
1734,"Risk of Rain 2","4890"
1735,"Risk of Rain 2","4950"
1737,"Risk of Rain 2","5010"
1739,"Risk of Rain 2","5040"
1740,"Risk of Rain 2","5115"
1741,"Risk of Rain 2","5205"
1742,"Risk of Rain 2","5250"
1743,"Risk of Rain 2","5325"
1744,"Risk of Rain 2","5385"
1745,"Risk of Rain 2","5475"
1746,"Risk of Rain 2","5550"
1747,"Risk of Rain 2","5625"
1748,"Risk of Rain 2","5685"
1749,"Risk of Rain 2","5745"
1750,"Risk of Rain 2","5820"
1751,"Risk of Rain 2","5910"
1752,"Risk of Rain 2","6030"
1753,"Risk of Rain 2","6090"
1755,"Risk of Rain 2","6210"
1756,"Risk of Rain 2","6270"
1757,"Risk of Rain 2","6390"
1758,"Risk of Rain 2","6450"
1771,"Risk of Rain 2","6510"
1774,"Risk of Rain 2","6630"
1780,"Risk of Rain 2","6675"
1782,"Risk of Rain 2","6720"
1787,"Risk of Rain 2","6780"
1789,"Risk of Rain 2","6840"
1790,"Risk of Rain 2","6900"
1791,"Risk of Rain 2","6990"
1793,"Risk of Rain 2","7035"
1794,"Risk of Rain 2","7080"
1795,"Risk of Rain 2","7125"
1797,"Risk of Rain 2","7185"
1798,"Risk of Rain 2","7275"
1799,"Risk of Rain 2","7320"
1800,"Risk of Rain 2","7440"
1801,"Risk of Rain 2","7485"
1803,"Risk of Rain 2","7515"
1804,"Risk of Rain 2","7575"
1806,"Risk of Rain 2","7695"
1807,"Risk of Rain 2","7710"
1809,"Risk of Rain 2","7785"
1810,"Risk of Rain 2","7875"
1811,"Risk of Rain 2","7905"
1813,"Risk of Rain 2","7965"
1815,"Risk of Rain 2","8070"
1953,"Risk of Rain 2","8160"
1956,"Risk of Rain 2","8190"
1959,"Risk of Rain 2","8250"
1961,"Risk of Rain 2","8310"
1979,"Risk of Rain 2","8370"
1984,"Risk of Rain 2","8400"
1985,"Risk of Rain 2","8445"
1987,"Risk of Rain 2","8490"
1988,"Risk of Rain 2","8580"
1990,"Risk of Rain 2","8625"
1992,"Risk of Rain 2","8685"
1993,"Risk of Rain 2","8760"
1995,"Risk of Rain 2","8805"
1996,"Risk of Rain 2","8865"
1998,"Risk of Rain 2","8925"
2001,"Risk of Rain 2","9015"
2005,"Risk of Rain 2","9075"
2017,"Risk of Rain 2","9195"
2022,"Risk of Rain 2","9315"
2024,"Risk of Rain 2","9405"
2118,"Risk of Rain 2","9525"
2127,"Risk of Rain 2","9585"
2131,"Risk of Rain 2","9705"
2132,"Risk of Rain 2","9825"
2137,"Risk of Rain 2","9885"
2139,"Risk of Rain 2","10005"
2140,"Risk of Rain 2","10065"
2143,"Risk of Rain 2","10095"
2145,"Risk of Rain 2","10170"
2146,"Risk of Rain 2","10245"
2150,"Risk of Rain 2","10335"
2152,"Risk of Rain 2","10410"
2153,"Risk of Rain 2","10470"
2156,"Risk of Rain 2","10530"
2168,"Risk of Rain 2","10650"
2190,"Risk of Rain 2","10740"
2194,"Risk of Rain 2","10860"
2200,"Risk of Rain 2","10950"
2201,"Risk of Rain 2","11040"
2203,"Risk of Rain 2","11100"
2207,"Risk of Rain 2","11220"
2233,"Risk of Rain 2","11280"
2263,"Risk of Rain 2","11340"
2267,"Risk of Rain 2","11385"
2420,"Risk of Rain 2","11445"
2545,"Risk of Rain 2","11505"
2553,"Risk of Rain 2","11565"
2563,"Risk of Rain 2","11625"
2579,"Risk of Rain 2","11700"
2586,"Risk of Rain 2","11775"
2595,"Risk of Rain 2","11955"
2605,"Risk of Rain 2","12015"
2606,"Risk of Rain 2","12105"
2614,"Risk of Rain 2","12180"
2667,"Risk of Rain 2","12300"
2777,"Risk of Rain 2","12360"
2779,"Risk of Rain 2","12450"
2780,"Risk of Rain 2","12570"
2783,"Risk of Rain 2","12645"
2785,"Risk of Rain 2","12795"
2788,"Risk of Rain 2","12855"
2793,"Risk of Rain 2","12945"
2816,"Risk of Rain 2","13005"
2976,"Risk of Rain 2","13095"
2980,"Risk of Rain 2","13125"
3035,"Risk of Rain 2","13230"
3043,"Risk of Rain 2","13320"
3067,"Risk of Rain 2","13380"
3094,"Risk of Rain 2","13470"
3098,"Risk of Rain 2","13530"
3104,"Risk of Rain 2","13605"
3113,"Risk of Rain 2","13680"
1640,"Psychonauts 2","90"
1646,"Psychonauts 2","135"
1649,"Psychonauts 2","180"
1653,"Psychonauts 2","225"
1656,"Psychonauts 2","285"
1659,"Psychonauts 2","330"
1661,"Psychonauts 2","390"
1666,"Psychonauts 2","450"
1670,"Psychonauts 2","495"
1674,"Psychonauts 2","555"
1675,"Psychonauts 2","600"
1680,"Psychonauts 2","645"
1686,"Psychonauts 2","690"
1690,"Psychonauts 2","750"
1693,"Psychonauts 2","810"
1699,"Psychonauts 2","870"
1703,"Psychonauts 2","930"
1711,"Sable","60"
1736,"Risk of Rain","60"
1738,"Noita","30"
1759,"Forza Horizon 5","60"
1760,"Forza Horizon 5","105"
1761,"Forza Horizon 5","150"
1762,"Forza Horizon 5","180"
1763,"Forza Horizon 5","240"
1764,"Forza Horizon 5","300"
1765,"Forza Horizon 5","330"
1766,"Forza Horizon 5","390"
1767,"Forza Horizon 5","525"
1768,"Forza Horizon 5","615"
1769,"Forza Horizon 5","675"
1770,"Forza Horizon 5","735"
1772,"Forza Horizon 5","825"
1773,"Forza Horizon 5","870"
1775,"Forza Horizon 5","900"
1777,"Forza Horizon 5","975"
1779,"Forza Horizon 5","1020"
1784,"Forza Horizon 5","1080"
1786,"Forza Horizon 5","1155"
1788,"Forza Horizon 5","1200"
1792,"Forza Horizon 5","1260"
1796,"Forza Horizon 5","1320"
1776,"Halo Infinite","120"
1778,"Halo Infinite","240"
1781,"Halo Infinite","300"
1783,"Halo Infinite","390"
1785,"Halo Infinite","510"
1802,"Halo Infinite","585"
1834,"Halo Infinite","645"
1836,"Halo Infinite","690"
1837,"Halo Infinite","735"
1840,"Halo Infinite","795"
1845,"Halo Infinite","840"
1847,"Halo Infinite","885"
1848,"Halo Infinite","975"
1849,"Halo Infinite","1035"
1851,"Halo Infinite","1110"
1852,"Halo Infinite","1140"
1853,"Halo Infinite","1185"
1854,"Halo Infinite","1215"
1855,"Halo Infinite","1305"
1857,"Halo Infinite","1395"
1858,"Halo Infinite","1425"
1859,"Halo Infinite","1515"
1860,"Halo Infinite","1575"
1861,"Halo Infinite","1665"
1862,"Halo Infinite","1740"
1864,"Halo Infinite","1785"
1871,"Halo Infinite","1845"
1873,"Halo Infinite","1905"
1900,"Halo Infinite","2025"
1924,"Halo Infinite","2115"
1933,"Halo Infinite","2205"
1941,"Halo Infinite","2265"
1943,"Halo Infinite","2385"
1945,"Halo Infinite","2475"
1946,"Halo Infinite","2565"
1947,"Halo Infinite","2655"
1948,"Halo Infinite","2775"
1949,"Halo Infinite","2865"
1950,"Halo Infinite","2985"
2019,"Halo Infinite","3045"
2039,"Halo Infinite","3135"
2056,"Halo Infinite","3225"
2075,"Halo Infinite","3315"
2086,"Halo Infinite","3375"
2093,"Halo Infinite","3510"
2103,"Halo Infinite","3585"
2110,"Halo Infinite","3675"
2115,"Halo Infinite","3750"
2124,"Halo Infinite","3825"
2126,"Halo Infinite","3885"
2147,"Halo Infinite","3975"
2151,"Halo Infinite","4065"
2158,"Halo Infinite","4155"
2173,"Halo Infinite","4245"
2180,"Halo Infinite","4335"
2198,"Halo Infinite","4410"
1838,"Samurai Gunn 2","30"
1890,"Samurai Gunn 2","60"
1939,"Samurai Gunn 2","90"
2042,"Samurai Gunn 2","120"
2043,"Samurai Gunn 2","150"
1879,"Windjammers 2","45"
1882,"Windjammers 2","75"
1884,"Windjammers 2","90"
1903,"Windjammers 2","120"
1906,"Windjammers 2","150"
1909,"Windjammers 2","180"
1935,"Windjammers 2","210"
1938,"Windjammers 2","240"
1883,"Nobody Saves the World","60"
1885,"Nobody Saves the World","90"
1892,"Nobody Saves the World","150"
1898,"Nobody Saves the World","210"
1899,"Nobody Saves the World","270"
1902,"Nobody Saves the World","300"
1904,"Nobody Saves the World","345"
1907,"Nobody Saves the World","390"
1910,"Nobody Saves the World","435"
1912,"Nobody Saves the World","495"
1914,"Nobody Saves the World","555"
1915,"Nobody Saves the World","615"
1917,"Nobody Saves the World","675"
1919,"Nobody Saves the World","705"
1921,"Nobody Saves the World","765"
1923,"Nobody Saves the World","810"
1925,"Nobody Saves the World","870"
1927,"Nobody Saves the World","900"
1936,"The Artful Escape","45"
1937,"The Artful Escape","105"
1940,"The Artful Escape","165"
1942,"The Artful Escape","225"
1951,"Pokemon: Legends Arceus","60"
1952,"Pokemon: Legends Arceus","120"
1955,"Pokemon: Legends Arceus","180"
1957,"Pokemon: Legends Arceus","210"
1958,"Pokemon: Legends Arceus","270"
1960,"Pokemon: Legends Arceus","330"
1962,"Pokemon: Legends Arceus","375"
1963,"Pokemon: Legends Arceus","435"
1965,"Pokemon: Legends Arceus","465"
1966,"Pokemon: Legends Arceus","510"
1968,"Pokemon: Legends Arceus","540"
1969,"Pokemon: Legends Arceus","630"
1970,"Pokemon: Legends Arceus","690"
1972,"Pokemon: Legends Arceus","750"
1973,"Pokemon: Legends Arceus","780"
1974,"Pokemon: Legends Arceus","870"
1975,"Pokemon: Legends Arceus","900"
1976,"Pokemon: Legends Arceus","960"
1977,"Pokemon: Legends Arceus","1020"
1978,"Pokemon: Legends Arceus","1080"
1980,"Pokemon: Legends Arceus","1140"
1982,"Pokemon: Legends Arceus","1200"
1983,"Pokemon: Legends Arceus","1260"
1986,"Pokemon: Legends Arceus","1290"
1989,"Pokemon: Legends Arceus","1350"
1991,"Pokemon: Legends Arceus","1395"
1994,"Pokemon: Legends Arceus","1455"
1997,"Pokemon: Legends Arceus","1470"
1999,"Bloodborne","60"
2000,"Bloodborne","120"
2002,"Bloodborne","195"
2003,"Bloodborne","240"
2004,"Bloodborne","300"
2006,"Bloodborne","345"
2007,"Bloodborne","405"
2008,"Bloodborne","465"
2010,"Bloodborne","525"
2011,"Bloodborne","615"
2012,"Bloodborne","630"
2013,"Bloodborne","675"
2014,"Bloodborne","720"
2015,"Bloodborne","840"
2016,"Bloodborne","915"
2018,"Bloodborne","975"
2020,"Bloodborne","1035"
2021,"Bloodborne","1065"
2023,"Bloodborne","1125"
2025,"Bloodborne","1155"
2026,"Bloodborne","1245"
2027,"Bloodborne","1305"
2028,"Bloodborne","1380"
2030,"Bloodborne","1440"
2031,"Bloodborne","1560"
2032,"Bloodborne","1590"
2033,"Bloodborne","1650"
2034,"Bloodborne","1710"
2035,"Bloodborne","1755"
2036,"Bloodborne","1785"
2037,"Bloodborne","1935"
2038,"Bloodborne","2055"
2040,"Bloodborne","2085"
2045,"God of War","60"
2046,"God of War","105"
2048,"God of War","165"
2049,"God of War","225"
2051,"God of War","285"
2052,"God of War","315"
2054,"God of War","375"
2055,"God of War","450"
2058,"God of War","495"
2059,"God of War","555"
2060,"God of War","615"
2062,"God of War","675"
2064,"God of War","735"
2065,"God of War","795"
2066,"God of War","855"
2068,"God of War","915"
2069,"God of War","975"
2070,"God of War","1020"
2073,"God of War","1095"
2074,"God of War","1125"
2077,"God of War","1185"
2078,"God of War","1245"
2080,"God of War","1305"
2083,"God of War","1365"
2084,"God of War","1425"
2085,"God of War","1485"
2087,"God of War","1545"
2067,"FIFA 22","30"
2071,"FIFA 22","90"
2088,"FIFA 22","120"
2090,"FIFA 22","135"
2091,"FIFA 22","180"
2092,"FIFA 22","225"
2094,"FIFA 22","255"
2095,"FIFA 22","285"
2097,"FIFA 22","315"
2098,"FIFA 22","345"
2099,"FIFA 22","375"
2100,"FIFA 22","405"
2102,"FIFA 22","435"
2104,"FIFA 22","480"
2105,"FIFA 22","525"
2107,"FIFA 22","555"
2108,"FIFA 22","600"
2109,"FIFA 22","615"
2111,"FIFA 22","630"
2112,"FIFA 22","660"
2113,"FIFA 22","690"
2116,"FIFA 22","720"
2117,"FIFA 22","750"
2119,"FIFA 22","780"
2120,"FIFA 22","810"
2121,"FIFA 22","840"
3160,"FIFA 22","870"
3161,"FIFA 22","900"
2122,"Teenage Mutant Ninja Turtles","30"
2125,"Teenage Mutant Ninja Turtles","90"
2128,"Teenage Mutant Ninja Turtles","120"
2123,"Dragons Crown","45"
2138,"Dragons Crown","135"
2133,"House Flipper","15"
2134,"House Flipper","45"
2135,"House Flipper","60"
2141,"Crash Bandicoot 4: Its About Time","30"
2142,"Crash Bandicoot 4: Its About Time","60"
2148,"Crash Bandicoot 4: Its About Time","90"
2144,"Crab Game","45"
2149,"Multiversus","75"
2154,"Tony Hawks Pro Skater 1 & 2","30"
2155,"Tony Hawks Pro Skater 1 & 2","45"
2157,"Tony Hawks Pro Skater 1 & 2","75"
2159,"Tony Hawks Pro Skater 1 & 2","105"
2160,"Ghost of Tsushima","60"
2161,"Ghost of Tsushima","120"
2162,"Ghost of Tsushima","195"
2163,"Ghost of Tsushima","270"
2164,"Ghost of Tsushima","330"
2165,"Ghost of Tsushima","390"
2166,"Ghost of Tsushima","450"
2167,"Ghost of Tsushima","510"
2169,"Ghost of Tsushima","540"
2170,"Ghost of Tsushima","570"
2171,"Ghost of Tsushima","645"
2172,"Ghost of Tsushima","705"
2174,"Ghost of Tsushima","780"
2175,"Ghost of Tsushima","840"
2176,"Ghost of Tsushima","915"
2177,"Ghost of Tsushima","975"
2178,"Ghost of Tsushima","1005"
2179,"Ghost of Tsushima","1050"
2181,"Ghost of Tsushima","1080"
2182,"Ghost of Tsushima","1125"
2183,"Ghost of Tsushima","1200"
2184,"Ghost of Tsushima","1245"
2185,"Ghost of Tsushima","1320"
2186,"Ghost of Tsushima","1380"
2187,"Ghost of Tsushima","1440"
2188,"Ghost of Tsushima","1500"
2189,"Ghost of Tsushima","1575"
2191,"Ghost of Tsushima","1605"
2192,"Ghost of Tsushima","1665"
2193,"Ghost of Tsushima","1725"
2195,"Ghost of Tsushima","1800"
2196,"Ghost of Tsushima","1890"
2197,"Ghost of Tsushima","1980"
2199,"Ghost of Tsushima","2055"
2202,"Ghost of Tsushima","2115"
2204,"Ghost of Tsushima","2190"
2205,"Ghost of Tsushima","2265"
2206,"Ghost of Tsushima","2325"
2208,"Ghost of Tsushima","2385"
2209,"Ghost of Tsushima","2475"
2212,"Ghost of Tsushima","2595"
2213,"Ghost of Tsushima","2655"
2214,"Ghost of Tsushima","2715"
2215,"Ghost of Tsushima","2745"
2216,"Ghost of Tsushima","2775"
2217,"Ghost of Tsushima","2835"
2218,"Ghost of Tsushima","2865"
2219,"Ghost of Tsushima","2925"
2220,"Ghost of Tsushima","2985"
2221,"Ghost of Tsushima","3015"
2222,"Ghost of Tsushima","3090"
2223,"Ghost of Tsushima","3180"
2224,"Ghost of Tsushima","3300"
2225,"Ghost of Tsushima","3360"
2226,"Ghost of Tsushima","3405"
2227,"Ghost of Tsushima","3465"
2228,"Ghost of Tsushima","3585"
2229,"Ghost of Tsushima","3630"
2230,"Chicory: A Colourful Tale","30"
2231,"Chicory: A Colourful Tale","60"
2234,"God of War: Ragnarok","60"
2235,"God of War: Ragnarok","105"
2236,"God of War: Ragnarok","165"
2237,"God of War: Ragnarok","240"
2238,"God of War: Ragnarok","330"
2239,"God of War: Ragnarok","390"
2240,"God of War: Ragnarok","420"
2241,"God of War: Ragnarok","465"
2242,"God of War: Ragnarok","555"
2243,"God of War: Ragnarok","615"
2244,"God of War: Ragnarok","675"
2245,"God of War: Ragnarok","735"
2246,"God of War: Ragnarok","795"
2247,"God of War: Ragnarok","825"
2248,"God of War: Ragnarok","855"
2249,"God of War: Ragnarok","945"
2250,"God of War: Ragnarok","1005"
2255,"God of War: Ragnarok","1050"
2256,"God of War: Ragnarok","1095"
2257,"God of War: Ragnarok","1125"
2258,"God of War: Ragnarok","1200"
2259,"God of War: Ragnarok","1260"
2260,"God of War: Ragnarok","1290"
2261,"God of War: Ragnarok","1320"
2264,"God of War: Ragnarok","1380"
2265,"God of War: Ragnarok","1455"
2268,"God of War: Ragnarok","1515"
2269,"God of War: Ragnarok","1590"
2270,"God of War: Ragnarok","1650"
2271,"God of War: Ragnarok","1710"
2272,"God of War: Ragnarok","1755"
2273,"God of War: Ragnarok","1785"
2274,"God of War: Ragnarok","1815"
2275,"God of War: Ragnarok","1860"
2276,"God of War: Ragnarok","1905"
2277,"God of War: Ragnarok","1935"
2278,"God of War: Ragnarok","1995"
2279,"God of War: Ragnarok","2040"
2280,"God of War: Ragnarok","2100"
2281,"God of War: Ragnarok","2190"
2282,"God of War: Ragnarok","2235"
2283,"God of War: Ragnarok","2325"
2284,"God of War: Ragnarok","2385"
2285,"God of War: Ragnarok","2460"
2287,"God of War: Ragnarok","2490"
2288,"God of War: Ragnarok","2520"
2289,"God of War: Ragnarok","2565"
2290,"God of War: Ragnarok","2595"
2291,"God of War: Ragnarok","2625"
2253,"Rogue Legacy 2","30"
2608,"Rogue Legacy 2","60"
2609,"Rogue Legacy 2","90"
2610,"Rogue Legacy 2","150"
2611,"Rogue Legacy 2","180"
2612,"Rogue Legacy 2","225"
2613,"Rogue Legacy 2","270"
2615,"Rogue Legacy 2","330"
2616,"Rogue Legacy 2","360"
2617,"Rogue Legacy 2","420"
2618,"Rogue Legacy 2","450"
2619,"Rogue Legacy 2","495"
2620,"Rogue Legacy 2","525"
2621,"Rogue Legacy 2","585"
2622,"Rogue Legacy 2","615"
2623,"Rogue Legacy 2","645"
2624,"Rogue Legacy 2","675"
2625,"Rogue Legacy 2","705"
2626,"Rogue Legacy 2","735"
2627,"Rogue Legacy 2","795"
2628,"Rogue Legacy 2","855"
2629,"Rogue Legacy 2","885"
2630,"Rogue Legacy 2","945"
2631,"Rogue Legacy 2","990"
2632,"Rogue Legacy 2","1035"
2633,"Rogue Legacy 2","1065"
2634,"Rogue Legacy 2","1125"
2635,"Rogue Legacy 2","1170"
2636,"Rogue Legacy 2","1230"
2637,"Rogue Legacy 2","1275"
2638,"Rogue Legacy 2","1320"
2640,"Rogue Legacy 2","1365"
2641,"Rogue Legacy 2","1425"
2642,"Rogue Legacy 2","1470"
2643,"Rogue Legacy 2","1515"
2644,"Rogue Legacy 2","1590"
2292,"Elden Ring","60"
2293,"Elden Ring","120"
2294,"Elden Ring","180"
2295,"Elden Ring","270"
2296,"Elden Ring","345"
2297,"Elden Ring","405"
2298,"Elden Ring","465"
2299,"Elden Ring","510"
2300,"Elden Ring","600"
2301,"Elden Ring","690"
2302,"Elden Ring","765"
2303,"Elden Ring","885"
2304,"Elden Ring","990"
2305,"Elden Ring","1065"
2306,"Elden Ring","1095"
2307,"Elden Ring","1185"
2308,"Elden Ring","1260"
2309,"Elden Ring","1320"
2310,"Elden Ring","1365"
2311,"Elden Ring","1425"
2312,"Elden Ring","1515"
2313,"Elden Ring","1545"
2314,"Elden Ring","1605"
2315,"Elden Ring","1650"
2316,"Elden Ring","1710"
2317,"Elden Ring","1755"
2318,"Elden Ring","1800"
2319,"Elden Ring","1845"
2320,"Elden Ring","1920"
2321,"Elden Ring","1980"
2322,"Elden Ring","2040"
2323,"Elden Ring","2100"
2324,"Elden Ring","2190"
2325,"Elden Ring","2280"
2326,"Elden Ring","2310"
2327,"Elden Ring","2370"
2328,"Elden Ring","2445"
2329,"Elden Ring","2505"
2330,"Elden Ring","2595"
2331,"Elden Ring","2640"
2332,"Elden Ring","2700"
2333,"Elden Ring","2820"
2334,"Elden Ring","2910"
2335,"Elden Ring","2985"
2336,"Elden Ring","3015"
2337,"Elden Ring","3165"
2338,"Elden Ring","3255"
2339,"Elden Ring","3315"
2340,"Elden Ring","3360"
2341,"Elden Ring","3450"
2342,"Elden Ring","3510"
2343,"Elden Ring","3570"
2344,"Elden Ring","3660"
2345,"Elden Ring","3720"
2346,"Elden Ring","3765"
2347,"Elden Ring","3810"
2348,"Elden Ring","3855"
2349,"Elden Ring","3915"
2350,"Elden Ring","4020"
2351,"Elden Ring","4110"
2352,"Elden Ring","4170"
2353,"Elden Ring","4215"
2354,"Elden Ring","4275"
2355,"Elden Ring","4320"
2356,"Elden Ring","4410"
2357,"Elden Ring","4470"
2358,"Elden Ring","4545"
2359,"Elden Ring","4590"
2360,"Elden Ring","4665"
2361,"Elden Ring","4695"
2362,"Elden Ring","4725"
2363,"Elden Ring","4770"
2364,"Elden Ring","4830"
2365,"Elden Ring","4890"
2366,"Elden Ring","5040"
2367,"Elden Ring","5100"
2368,"Elden Ring","5160"
2369,"Elden Ring","5235"
2370,"Elden Ring","5295"
2371,"Elden Ring","5325"
2372,"Elden Ring","5385"
2373,"Elden Ring","5445"
2374,"Elden Ring","5565"
2375,"Elden Ring","5625"
2376,"Elden Ring","5700"
2377,"Elden Ring","5760"
2378,"Elden Ring","5790"
2379,"Elden Ring","5850"
2380,"Elden Ring","5895"
2381,"Elden Ring","5955"
2981,"Elden Ring","6030"
2982,"Elden Ring","6120"
2984,"Elden Ring","6210"
2985,"Elden Ring","6285"
2987,"Elden Ring","6315"
2989,"Elden Ring","6405"
2993,"Elden Ring","6435"
2994,"Elden Ring","6510"
2995,"Elden Ring","6540"
2999,"Elden Ring","6600"
3002,"Elden Ring","6690"
3003,"Elden Ring","6780"
3005,"Elden Ring","6870"
3006,"Elden Ring","6900"
3007,"Elden Ring","6930"
3008,"Elden Ring","6990"
3009,"Elden Ring","7035"
3011,"Elden Ring","7095"
3012,"Elden Ring","7155"
3013,"Elden Ring","7185"
3014,"Elden Ring","7230"
3015,"Elden Ring","7320"
3016,"Elden Ring","7350"
3017,"Elden Ring","7410"
3018,"Elden Ring","7470"
3019,"Elden Ring","7530"
3020,"Elden Ring","7590"
3021,"Elden Ring","7635"
3022,"Elden Ring","7710"
3023,"Elden Ring","7740"
3024,"Elden Ring","7800"
3025,"Elden Ring","7845"
3026,"Elden Ring","7920"
3027,"Elden Ring","8010"
3028,"Elden Ring","8040"
3029,"Elden Ring","8115"
3030,"Elden Ring","8190"
3031,"Elden Ring","8220"
3032,"Elden Ring","8280"
3033,"Elden Ring","8310"
3034,"Elden Ring","8430"
2383,"Mushroom Wars 2","60"
2387,"Mushroom Wars 2","120"
2384,"The Last of Us","60"
2385,"The Last of Us","90"
2388,"The Last of Us","120"
2389,"The Last of Us","180"
2390,"The Last of Us","240"
2391,"The Last of Us","300"
2392,"The Last of Us","360"
2393,"The Last of Us","420"
2394,"The Last of Us","480"
2395,"The Last of Us","525"
2396,"The Last of Us","615"
2397,"The Last of Us","660"
2398,"The Last of Us","705"
2399,"The Last of Us","765"
2400,"The Last of Us: Left Behind","60"
2401,"The Last of Us: Left Behind","120"
2403,"The Forgotten City","60"
2405,"The Forgotten City","135"
2406,"The Forgotten City","195"
2412,"The Forgotten City","255"
2413,"The Forgotten City","315"
2415,"The Forgotten City","375"
2407,"F1 22","30"
2408,"F1 22","75"
2409,"F1 22","105"
2410,"F1 22","150"
2411,"F1 22","180"
2414,"F1 22","210"
2416,"F1 22","255"
2417,"F1 22","300"
2418,"F1 22","345"
2422,"F1 22","390"
2423,"F1 22","420"
2424,"F1 22","450"
2419,"Spiderheck","30"
2426,"Spiderheck","60"
2421,"Valheim","45"
2428,"Legend of Zelda: Tears of the Kingdom","105"
2429,"Legend of Zelda: Tears of the Kingdom","195"
2430,"Legend of Zelda: Tears of the Kingdom","255"
2431,"Legend of Zelda: Tears of the Kingdom","375"
2432,"Legend of Zelda: Tears of the Kingdom","405"
2433,"Legend of Zelda: Tears of the Kingdom","435"
2434,"Legend of Zelda: Tears of the Kingdom","465"
2435,"Legend of Zelda: Tears of the Kingdom","495"
2436,"Legend of Zelda: Tears of the Kingdom","525"
2437,"Legend of Zelda: Tears of the Kingdom","615"
2438,"Legend of Zelda: Tears of the Kingdom","645"
2439,"Legend of Zelda: Tears of the Kingdom","735"
2440,"Legend of Zelda: Tears of the Kingdom","765"
2441,"Legend of Zelda: Tears of the Kingdom","825"
2442,"Legend of Zelda: Tears of the Kingdom","915"
2443,"Legend of Zelda: Tears of the Kingdom","960"
2444,"Legend of Zelda: Tears of the Kingdom","1020"
2445,"Legend of Zelda: Tears of the Kingdom","1080"
2446,"Legend of Zelda: Tears of the Kingdom","1125"
2447,"Legend of Zelda: Tears of the Kingdom","1185"
2448,"Legend of Zelda: Tears of the Kingdom","1230"
2449,"Legend of Zelda: Tears of the Kingdom","1275"
2450,"Legend of Zelda: Tears of the Kingdom","1335"
2451,"Legend of Zelda: Tears of the Kingdom","1395"
2452,"Legend of Zelda: Tears of the Kingdom","1440"
2453,"Legend of Zelda: Tears of the Kingdom","1470"
2454,"Legend of Zelda: Tears of the Kingdom","1515"
2455,"Legend of Zelda: Tears of the Kingdom","1575"
2456,"Legend of Zelda: Tears of the Kingdom","1605"
2457,"Legend of Zelda: Tears of the Kingdom","1635"
2458,"Legend of Zelda: Tears of the Kingdom","1665"
2459,"Legend of Zelda: Tears of the Kingdom","1695"
2460,"Legend of Zelda: Tears of the Kingdom","1755"
2461,"Legend of Zelda: Tears of the Kingdom","1785"
2462,"Legend of Zelda: Tears of the Kingdom","1815"
2463,"Legend of Zelda: Tears of the Kingdom","1890"
2464,"Legend of Zelda: Tears of the Kingdom","1995"
2465,"Legend of Zelda: Tears of the Kingdom","2025"
2466,"Legend of Zelda: Tears of the Kingdom","2070"
2467,"Legend of Zelda: Tears of the Kingdom","2130"
2468,"Legend of Zelda: Tears of the Kingdom","2190"
2469,"Legend of Zelda: Tears of the Kingdom","2220"
2470,"Legend of Zelda: Tears of the Kingdom","2280"
2471,"Legend of Zelda: Tears of the Kingdom","2340"
2472,"Legend of Zelda: Tears of the Kingdom","2400"
2473,"Legend of Zelda: Tears of the Kingdom","2460"
2474,"Legend of Zelda: Tears of the Kingdom","2520"
2475,"Legend of Zelda: Tears of the Kingdom","2565"
2476,"Legend of Zelda: Tears of the Kingdom","2595"
2477,"Legend of Zelda: Tears of the Kingdom","2625"
2478,"Legend of Zelda: Tears of the Kingdom","2655"
2479,"Legend of Zelda: Tears of the Kingdom","2700"
2480,"Legend of Zelda: Tears of the Kingdom","2730"
2481,"Legend of Zelda: Tears of the Kingdom","2790"
2482,"Legend of Zelda: Tears of the Kingdom","2850"
2484,"Legend of Zelda: Tears of the Kingdom","2895"
2486,"Legend of Zelda: Tears of the Kingdom","2940"
2487,"Legend of Zelda: Tears of the Kingdom","2970"
2488,"Legend of Zelda: Tears of the Kingdom","3030"
2489,"Legend of Zelda: Tears of the Kingdom","3090"
2490,"Legend of Zelda: Tears of the Kingdom","3150"
2491,"Legend of Zelda: Tears of the Kingdom","3180"
2492,"Legend of Zelda: Tears of the Kingdom","3210"
2493,"Legend of Zelda: Tears of the Kingdom","3270"
2494,"Legend of Zelda: Tears of the Kingdom","3330"
2495,"Legend of Zelda: Tears of the Kingdom","3390"
2497,"Legend of Zelda: Tears of the Kingdom","3435"
2498,"Legend of Zelda: Tears of the Kingdom","3465"
2499,"Legend of Zelda: Tears of the Kingdom","3525"
2500,"Legend of Zelda: Tears of the Kingdom","3570"
2501,"Legend of Zelda: Tears of the Kingdom","3615"
2502,"Legend of Zelda: Tears of the Kingdom","3675"
2503,"Legend of Zelda: Tears of the Kingdom","3735"
2505,"Legend of Zelda: Tears of the Kingdom","3795"
2506,"Legend of Zelda: Tears of the Kingdom","3855"
2507,"Legend of Zelda: Tears of the Kingdom","3900"
2508,"Legend of Zelda: Tears of the Kingdom","3945"
2509,"Legend of Zelda: Tears of the Kingdom","3975"
2510,"Legend of Zelda: Tears of the Kingdom","4035"
2511,"Legend of Zelda: Tears of the Kingdom","4065"
2512,"Legend of Zelda: Tears of the Kingdom","4110"
2513,"Legend of Zelda: Tears of the Kingdom","4155"
2514,"Legend of Zelda: Tears of the Kingdom","4215"
2515,"Legend of Zelda: Tears of the Kingdom","4245"
2516,"Legend of Zelda: Tears of the Kingdom","4290"
2517,"Legend of Zelda: Tears of the Kingdom","4320"
2518,"Legend of Zelda: Tears of the Kingdom","4350"
2519,"Legend of Zelda: Tears of the Kingdom","4380"
2520,"Legend of Zelda: Tears of the Kingdom","4410"
2521,"Legend of Zelda: Tears of the Kingdom","4470"
2522,"Legend of Zelda: Tears of the Kingdom","4500"
2523,"Legend of Zelda: Tears of the Kingdom","4530"
2524,"Legend of Zelda: Tears of the Kingdom","4560"
2525,"Legend of Zelda: Tears of the Kingdom","4635"
2526,"Legend of Zelda: Tears of the Kingdom","4665"
2527,"Legend of Zelda: Tears of the Kingdom","4695"
2528,"Legend of Zelda: Tears of the Kingdom","4725"
2529,"Legend of Zelda: Tears of the Kingdom","4755"
2530,"Legend of Zelda: Tears of the Kingdom","4815"
2531,"Legend of Zelda: Tears of the Kingdom","4860"
2532,"Legend of Zelda: Tears of the Kingdom","4890"
2533,"Legend of Zelda: Tears of the Kingdom","4950"
2534,"Legend of Zelda: Tears of the Kingdom","4980"
2535,"Legend of Zelda: Tears of the Kingdom","5040"
2536,"Legend of Zelda: Tears of the Kingdom","5070"
2537,"Legend of Zelda: Tears of the Kingdom","5130"
2538,"Legend of Zelda: Tears of the Kingdom","5160"
2539,"Legend of Zelda: Tears of the Kingdom","5190"
2540,"Legend of Zelda: Tears of the Kingdom","5220"
2541,"Legend of Zelda: Tears of the Kingdom","5235"
2542,"Legend of Zelda: Tears of the Kingdom","5265"
2543,"Legend of Zelda: Tears of the Kingdom","5295"
2544,"Legend of Zelda: Tears of the Kingdom","5370"
2546,"Legend of Zelda: Tears of the Kingdom","5400"
2547,"Legend of Zelda: Tears of the Kingdom","5430"
2548,"Legend of Zelda: Tears of the Kingdom","5475"
2549,"Legend of Zelda: Tears of the Kingdom","5505"
2550,"Legend of Zelda: Tears of the Kingdom","5550"
2551,"Legend of Zelda: Tears of the Kingdom","5595"
2552,"Legend of Zelda: Tears of the Kingdom","5640"
2554,"Legend of Zelda: Tears of the Kingdom","5670"
2555,"Legend of Zelda: Tears of the Kingdom","5700"
2556,"Legend of Zelda: Tears of the Kingdom","5790"
2557,"Legend of Zelda: Tears of the Kingdom","5820"
2558,"Legend of Zelda: Tears of the Kingdom","5850"
2559,"Legend of Zelda: Tears of the Kingdom","5895"
2560,"Legend of Zelda: Tears of the Kingdom","5925"
2561,"Legend of Zelda: Tears of the Kingdom","5955"
2562,"Legend of Zelda: Tears of the Kingdom","5985"
2564,"Legend of Zelda: Tears of the Kingdom","6015"
2565,"Legend of Zelda: Tears of the Kingdom","6045"
2566,"Legend of Zelda: Tears of the Kingdom","6120"
2567,"Legend of Zelda: Tears of the Kingdom","6150"
2568,"Legend of Zelda: Tears of the Kingdom","6225"
2569,"Legend of Zelda: Tears of the Kingdom","6270"
2570,"Legend of Zelda: Tears of the Kingdom","6330"
2571,"Legend of Zelda: Tears of the Kingdom","6390"
2572,"Legend of Zelda: Tears of the Kingdom","6420"
2573,"Legend of Zelda: Tears of the Kingdom","6450"
2574,"Legend of Zelda: Tears of the Kingdom","6525"
2575,"Legend of Zelda: Tears of the Kingdom","6570"
2576,"Legend of Zelda: Tears of the Kingdom","6600"
2577,"Legend of Zelda: Tears of the Kingdom","6630"
2578,"Legend of Zelda: Tears of the Kingdom","6690"
2580,"Legend of Zelda: Tears of the Kingdom","6750"
2581,"Legend of Zelda: Tears of the Kingdom","6780"
2583,"Legend of Zelda: Tears of the Kingdom","6810"
2584,"Legend of Zelda: Tears of the Kingdom","6840"
2585,"Legend of Zelda: Tears of the Kingdom","6900"
2587,"Legend of Zelda: Tears of the Kingdom","6975"
2588,"Legend of Zelda: Tears of the Kingdom","7005"
2589,"Legend of Zelda: Tears of the Kingdom","7035"
2590,"Legend of Zelda: Tears of the Kingdom","7110"
2591,"Legend of Zelda: Tears of the Kingdom","7170"
2592,"Legend of Zelda: Tears of the Kingdom","7215"
2594,"Legend of Zelda: Tears of the Kingdom","7275"
2596,"Legend of Zelda: Tears of the Kingdom","7335"
2597,"Legend of Zelda: Tears of the Kingdom","7365"
2599,"Legend of Zelda: Tears of the Kingdom","7425"
2600,"Legend of Zelda: Tears of the Kingdom","7455"
2601,"Legend of Zelda: Tears of the Kingdom","7485"
2602,"Legend of Zelda: Tears of the Kingdom","7530"
2603,"Legend of Zelda: Tears of the Kingdom","7560"
2604,"Legend of Zelda: Tears of the Kingdom","7635"
2645,"Inscryption","45"
2646,"Inscryption","105"
2647,"Inscryption","165"
2648,"Inscryption","225"
2649,"Inscryption","285"
2650,"Inscryption","315"
2651,"Inscryption","390"
2652,"Inscryption","435"
2653,"Inscryption","495"
2654,"Inscryption","525"
2655,"Inscryption","585"
2656,"Inscryption","675"
2657,"Inscryption","705"
2658,"Driver: San Fransisco","45"
2659,"Battlefield: 1943","30"
2660,"Ratchet: Gladiator","90"
2661,"Kirby & the Amazing Mirror","90"
2662,"Kirby & the Amazing Mirror","180"
2664,"Kirby & the Amazing Mirror","240"
2665,"Kirby & the Amazing Mirror","330"
2663,"F-Zero 99","30"
2666,"Mario Kart: Super Circuit","30"
2668,"Super Mario Bros: Wonder","30"
2669,"Super Mario Bros: Wonder","60"
2670,"Super Mario Bros: Wonder","105"
2672,"Super Mario Bros: Wonder","135"
2673,"Super Mario Bros: Wonder","150"
2674,"Super Mario Bros: Wonder","165"
2675,"Super Mario Bros: Wonder","195"
2676,"Super Mario Bros: Wonder","225"
2677,"Super Mario Bros: Wonder","255"
2678,"Super Mario Bros: Wonder","285"
2679,"Super Mario Bros: Wonder","315"
2680,"Super Mario Bros: Wonder","345"
2681,"Super Mario Bros: Wonder","375"
2682,"Super Mario Bros: Wonder","435"
2683,"Super Mario Bros: Wonder","465"
2684,"Super Mario Bros: Wonder","495"
2685,"Super Mario Bros: Wonder","555"
2686,"Super Mario Bros: Wonder","585"
2688,"Super Mario Bros: Wonder","615"
2689,"Super Mario Bros: Wonder","645"
2690,"Super Mario Bros: Wonder","675"
2691,"Super Mario Bros: Wonder","705"
2692,"Super Mario Bros: Wonder","735"
2693,"Super Mario Bros: Wonder","765"
2694,"Super Mario Bros: Wonder","795"
2695,"Super Mario Bros: Wonder","825"
2696,"Super Mario Bros: Wonder","855"
2697,"Super Mario Bros: Wonder","870"
2698,"Super Mario Bros: Wonder","900"
2687,"Madden 23","60"
2700,"Risk of Rain Returns","75"
2701,"Risk of Rain Returns","90"
2702,"Risk of Rain Returns","105"
2703,"Risk of Rain Returns","135"
2704,"Risk of Rain Returns","165"
2705,"Risk of Rain Returns","255"
2706,"Risk of Rain Returns","285"
2707,"Risk of Rain Returns","330"
2708,"Risk of Rain Returns","420"
2709,"Risk of Rain Returns","450"
2712,"Risk of Rain Returns","540"
2710,"Dave the Diver","45"
2711,"Dave the Diver","75"
2713,"Dave the Diver","105"
2714,"Dave the Diver","135"
2715,"Dave the Diver","165"
2716,"Dave the Diver","195"
2717,"Dave the Diver","225"
2741,"Dave the Diver","255"
2742,"Dave the Diver","285"
2743,"Dave the Diver","315"
2744,"Dave the Diver","345"
2745,"Dave the Diver","375"
2746,"Dave the Diver","405"
2747,"Dave the Diver","435"
2748,"Dave the Diver","465"
2749,"Dave the Diver","495"
2750,"Dave the Diver","525"
2751,"Dave the Diver","555"
2752,"Dave the Diver","585"
2753,"Dave the Diver","630"
2754,"Dave the Diver","690"
2755,"Dave the Diver","720"
2756,"Dave the Diver","750"
2757,"Dave the Diver","780"
2758,"Dave the Diver","810"
2759,"Dave the Diver","840"
2760,"Dave the Diver","870"
2761,"Dave the Diver","900"
2762,"Dave the Diver","945"
2763,"Dave the Diver","975"
2764,"Dave the Diver","1005"
2765,"Dave the Diver","1035"
2766,"Dave the Diver","1065"
2767,"Dave the Diver","1095"
2768,"Dave the Diver","1125"
2769,"Dave the Diver","1170"
2770,"Dave the Diver","1200"
2771,"Dave the Diver","1230"
2772,"Dave the Diver","1260"
2773,"Dave the Diver","1305"
2774,"Dave the Diver","1335"
2775,"Dave the Diver","1380"
2776,"Dave the Diver","1425"
2778,"Dave the Diver","1455"
2789,"Superliminal","15"
2790,"Superliminal","75"
2791,"Superliminal","105"
2792,"Superliminal","135"
2804,"Helldivers II","150"
2805,"Helldivers II","210"
2807,"Helldivers II","270"
2808,"Helldivers II","330"
2809,"Helldivers II","375"
2810,"Helldivers II","480"
2811,"Helldivers II","540"
2812,"Helldivers II","660"
2813,"Helldivers II","750"
2815,"Helldivers II","780"
2818,"Helldivers II","870"
2819,"Helldivers II","885"
2820,"Helldivers II","930"
2821,"Helldivers II","975"
2822,"Helldivers II","1035"
2824,"Helldivers II","1185"
2825,"Helldivers II","1200"
2826,"Helldivers II","1320"
2827,"Helldivers II","1380"
2831,"Helldivers II","1440"
2834,"Helldivers II","1530"
2835,"Helldivers II","1650"
2836,"Helldivers II","1740"
2839,"Helldivers II","1830"
2849,"Helldivers II","1920"
2850,"Helldivers II","1980"
2853,"Helldivers II","2055"
2856,"Helldivers II","2145"
2859,"Helldivers II","2160"
2875,"Helldivers II","2220"
2878,"Helldivers II","2310"
2883,"Helldivers II","2400"
2895,"Helldivers II","2490"
2897,"Helldivers II","2565"
2905,"Helldivers II","2655"
2916,"Helldivers II","2745"
2931,"Helldivers II","2820"
2946,"Helldivers II","2895"
2962,"Helldivers II","2955"
3076,"Helldivers II","3015"
3125,"Helldivers II","3090"
3216,"Helldivers II","3135"
3227,"Helldivers II","3195"
3231,"Helldivers II","3255"
2975,"Crash Team Racing: Online","30"
2979,"Crash Team Racing: Online","45"
3036,"Elden Ring: Shadow of the Erdtree","45"
3037,"Elden Ring: Shadow of the Erdtree","90"
3038,"Elden Ring: Shadow of the Erdtree","120"
3039,"Elden Ring: Shadow of the Erdtree","150"
3040,"Elden Ring: Shadow of the Erdtree","210"
3041,"Elden Ring: Shadow of the Erdtree","255"
3042,"Elden Ring: Shadow of the Erdtree","285"
3044,"Elden Ring: Shadow of the Erdtree","315"
3045,"Elden Ring: Shadow of the Erdtree","360"
3048,"Elden Ring: Shadow of the Erdtree","405"
3056,"Elden Ring: Shadow of the Erdtree","495"
3059,"Elden Ring: Shadow of the Erdtree","585"
3063,"Elden Ring: Shadow of the Erdtree","660"
3064,"Elden Ring: Shadow of the Erdtree","720"
3065,"Elden Ring: Shadow of the Erdtree","780"
3066,"Elden Ring: Shadow of the Erdtree","840"
3068,"Elden Ring: Shadow of the Erdtree","930"
3069,"Elden Ring: Shadow of the Erdtree","975"
3070,"Elden Ring: Shadow of the Erdtree","1020"
3071,"Elden Ring: Shadow of the Erdtree","1065"
3072,"Elden Ring: Shadow of the Erdtree","1110"
3073,"Elden Ring: Shadow of the Erdtree","1230"
3074,"Elden Ring: Shadow of the Erdtree","1275"
3075,"Elden Ring: Shadow of the Erdtree","1305"
3077,"Elden Ring: Shadow of the Erdtree","1380"
3078,"Elden Ring: Shadow of the Erdtree","1425"
3079,"Elden Ring: Shadow of the Erdtree","1485"
3080,"Elden Ring: Shadow of the Erdtree","1530"
3081,"Elden Ring: Shadow of the Erdtree","1590"
3082,"Elden Ring: Shadow of the Erdtree","1635"
3083,"Elden Ring: Shadow of the Erdtree","1680"
3084,"Elden Ring: Shadow of the Erdtree","1755"
3085,"Elden Ring: Shadow of the Erdtree","1800"
3086,"Elden Ring: Shadow of the Erdtree","1860"
3087,"The Legend of Zelda: Four Swords Adventures","75"
3088,"Pikmin 4","60"
3089,"Pikmin 4","120"
3090,"Pikmin 4","150"
3091,"Pikmin 4","180"
3092,"Pikmin 4","210"
3093,"Pikmin 4","240"
3095,"Pikmin 4","285"
3096,"Pikmin 4","330"
3097,"Pikmin 4","360"
3099,"Pikmin 4","405"
3100,"Pikmin 4","465"
3101,"Pikmin 4","510"
3102,"Pikmin 4","600"
3103,"Pikmin 4","660"
3105,"Pikmin 4","705"
3106,"Pikmin 4","750"
3107,"Pikmin 4","810"
3109,"Pikmin 4","855"
3110,"Pikmin 4","930"
3111,"Pikmin 4","960"
3114,"Pikmin 4","990"
3115,"Pikmin 4","1035"
3116,"Pikmin 4","1065"
3117,"Pikmin 4","1095"
3118,"Pikmin 4","1125"
3119,"Pikmin 4","1170"
3120,"Pikmin 4","1215"
3121,"Pikmin 4","1260"
3122,"Pikmin 4","1305"
3123,"Pikmin 4","1335"
3124,"Pikmin 4","1365"
3126,"Pikmin 4","1410"
3127,"Pikmin 4","1440"
3108,"Chained Together","60"
3112,"Chained Together","135"
3128,"The Crew 2","30"
3141,"The Crew 2","135"
3143,"The Crew 2","225"
3144,"The Crew 2","270"
3145,"The Crew 2","300"
3147,"The Crew 2","345"
3148,"The Crew 2","375"
3150,"The Crew 2","555"
3151,"The Crew 2","600"
3152,"The Crew 2","720"
3153,"The Crew 2","780"
3162,"The Crew 2","870"
3166,"The Crew 2","990"
3170,"The Crew 2","1050"
3171,"The Crew 2","1140"
3175,"The Crew 2","1170"
3178,"The Crew 2","1290"
3179,"The Crew 2","1380"
3180,"The Crew 2","1410"
3181,"The Crew 2","1455"
3182,"The Crew 2","1500"
3184,"The Crew 2","1590"
3185,"The Crew 2","1650"
3186,"The Crew 2","1680"
3187,"The Crew 2","1740"
3188,"The Crew 2","1830"
3189,"The Crew 2","1905"
3193,"The Crew 2","1965"
3232,"The Crew 2","2025"
3130,"Yokus Island Express","45"
3131,"Yokus Island Express","90"
3132,"Yokus Island Express","135"
3133,"Yokus Island Express","195"
3134,"Yokus Island Express","240"
3135,"Yokus Island Express","285"
3136,"Yokus Island Express","315"
3137,"Yokus Island Express","330"
3138,"Yokus Island Express","360"
3139,"Yokus Island Express","405"
3140,"Yokus Island Express","450"
3146,"Europa","45"
3229,"Europa","90"
3230,"Europa","180"
3154,"Cult of the Lamb","45"
3155,"Cult of the Lamb","105"
3156,"Cult of the Lamb","165"
3157,"Cult of the Lamb","210"
3158,"Cult of the Lamb","270"
3159,"Cult of the Lamb","330"
3163,"Cult of the Lamb","405"
3164,"Cult of the Lamb","450"
3165,"Cult of the Lamb","540"
3167,"Cult of the Lamb","600"
3168,"Cult of the Lamb","660"
3169,"Cult of the Lamb","720"
3172,"Cult of the Lamb","765"
3173,"Cult of the Lamb","810"
3174,"Cult of the Lamb","870"
3176,"Cult of the Lamb","915"
3177,"Cult of the Lamb","975"
3183,"Cult of the Lamb","1065"
3190,"Battlefield: 1","75"
3191,"Battlefield: 1","150"
3194,"Battlefield: 1","210"
3201,"Battlefield: 1","285"
3209,"Oh Deer","120"
3217,"Oh Deer","165"
3219,"Oh Deer","195"
3224,"Oh Deer","225"
3228,"Oh Deer","255"
3218,"Battlefield: V","30"
3235,"Sifu","45"
3236,"Sifu","90"
3237,"Sifu","135"
